ID,area,BDSED,MAG_AUTO_F444W,MAGERR_AUTO_F444W,KRON_RADIUS_F444W,PETRO_RADIUS_F444W,ALPHA_J2000_F444W,DELTA_J2000_F444W,A_IMAGE_F444W,B_IMAGE_F444W,THETA_IMAGE_F444W,ELONGATION_F444W,ELLIPTICITY_F444W,CLASS_STAR_F444W,FLUX_RADIUS_F444W,idx42,d2d42,MAG_AUTO_F277W,MAGERR_AUTO_F277W,KRON_RADIUS_F277W,PETRO_RADIUS_F277W,ALPHA_J2000_F277W,DELTA_J2000_F277W,A_IMAGE_F277W,B_IMAGE_F277W,THETA_IMAGE_F277W,ELONGATION_F277W,ELLIPTICITY_F277W,CLASS_STAR_F277W,FLUX_RADIUS_F277W,idx415,d2d415,MAG_AUTO_F150W,MAGERR_AUTO_F150W,KRON_RADIUS_F150W,PETRO_RADIUS_F150W,ALPHA_J2000_F150W,DELTA_J2000_F150W,A_IMAGE_F150W,B_IMAGE_F150W,THETA_IMAGE_F150W,ELONGATION_F150W,ELLIPTICITY_F150W,CLASS_STAR_F150W,FLUX_RADIUS_F150W,idx411,d2d411,MAG_AUTO_F115W,MAGERR_AUTO_F115W,KRON_RADIUS_F115W,PETRO_RADIUS_F115W,ALPHA_J2000_F115W,DELTA_J2000_F115W,A_IMAGE_F115W,B_IMAGE_F115W,THETA_IMAGE_F115W,ELONGATION_F115W,ELLIPTICITY_F115W,CLASS_STAR_F115W,FLUX_RADIUS_F115W
2301,10,1,24.345978483044515,0.0066694963190283,3.5,3.96,150.2855453163118,1.746714103431706,3.103,2.713,-47.64,1.143,0.125,0.967,2.932,458837,0.0077788946787223,26.85396802480809,0.0371538799972871,3.5,4.62,150.2855440875658,1.7467123256071182,1.966,1.717,-42.26,1.145,0.127,0.829,2.169,124140,0.0024496316349069,25.97796546125488,0.0299042335471509,3.5,3.96,150.2855456891648,1.74671353411069,1.305,1.266,14.39,1.031,0.03,0.963,1.272,378992,0.000753806085641,25.363228448961543,0.0213714475113885,3.5,3.96,150.28554538232902,1.7467139047103126,1.33,1.273,-11.96,1.045,0.043,0.438,1.156
2302,10,1,26.36620179262473,0.0476787783720145,5.23,5.28,150.23509630389103,1.7860970568976375,2.27,2.027,-38.34,1.12,0.107,0.963,3.187,462499,0.0072910253191175,28.03693119464254,0.0804362147400951,3.5,4.62,150.2350966090735,1.7860990590796215,1.561,1.154,3.89,1.352,0.26,0.656,1.735,126705,0.0191975720097158,27.06527140097029,0.0904055800138724,4.45,3.96,150.23509898207962,1.786092444791322,1.211,1.035,-28.6,1.17,0.145,0.689,1.284,381528,0.0210097466197551,27.137457369044085,0.105814147257927,3.96,3.96,150.2350991859056,1.7860919813255212,1.068,1.023,-87.82,1.044,0.042,0.862,1.229
2303,10,1,25.285140202765387,0.013378979637985,3.52,4.62,150.2968337109887,1.811297809398542,2.475,2.399,48.19,1.032,0.031,0.973,2.725,470927,0.0040499024555552,27.820437659336527,0.0891066591435905,4.63,8.58,150.29683479366585,1.8112981168807187,1.409,1.366,30.0,1.031,0.03,0.613,2.209,133135,0.0065132819025132,26.705368755515416,0.0735326261209551,4.46,4.62,150.29683407986275,1.8112960381178629,1.343,1.12,87.89,1.199,0.166,0.906,1.455,388295,0.0027768324207557,26.460133115594747,0.0572081075640782,3.5,3.96,150.29683326513893,1.8112984389901448,1.302,1.181,-62.66,1.102,0.093,0.017,1.342
2304,4,1,23.45390870084395,0.0032296983107958,3.5,3.5,150.1750123037441,2.0720877716870065,3.498,3.167,67.8,1.104,0.094,0.986,2.967,426810,0.0058475428137429,25.128270522996093,0.009274605950605,3.5,3.96,150.1750107549745,2.072087278883051,2.595,2.268,-88.6,1.144,0.126,0.942,2.284,98462,0.0044460595857337,24.219190488858303,0.0071721895966601,3.5,3.5,150.17501109191377,2.0720880138708044,1.718,1.555,88.38,1.105,0.095,1.0,1.282,244899,0.0020226793111045,23.822920378019774,0.005917553125571,3.5,3.5,150.1750125848172,2.0720882582901674,1.579,1.493,73.84,1.058,0.054,0.976,1.232
2405,4,2,27.04651168418804,0.093401832803133,6.49,10.56,150.18768595475814,2.1027665078390125,2.283,1.581,17.78,1.444,0.307,0.002,4.542,437139,0.0321506436021636,28.27607913661133,0.090327760143597,3.5,7.26,150.18764456561306,2.1027807847321984,1.293,1.266,59.7,1.021,0.021,0.006,2.288,106631,0.0204125581431532,27.33844272742913,0.1678308234125634,6.01,8.58,150.18769116084889,2.102768762559976,1.705,0.886,30.84,1.925,0.48,0.0,2.817,255494,0.0423086875433452,27.45,-1.0,5.93,5.94,150.18769658816228,2.1027614876639875,1.459,0.762,21.72,1.915,0.478,0.0,2.379
2305,4,1,25.63787286352572,0.0187358322463124,3.76,4.62,150.29451710134154,2.118125518550251,2.542,2.287,67.05,1.112,0.101,0.975,2.891,450686,0.0162581995188912,27.918211832852226,0.0742894425789805,3.5,5.28,150.2944703391325,2.118139034535962,1.662,1.334,-74.3,1.245,0.197,0.719,1.971,116689,0.0090618873162368,26.86639698231064,0.0692091587132201,4.09,4.62,150.2945167724402,2.118123022909689,1.216,1.09,-9.01,1.115,0.103,0.816,1.243,266593,0.0077164042224136,26.1237479153147,0.0403289985046116,3.5,3.96,150.2945186630507,2.1181240492799267,1.312,1.17,-89.57,1.121,0.108,0.058,1.152
2307,3,1,26.069635083057403,0.0285220071625735,4.11,4.62,150.0788412278791,2.0369656923490984,2.33,2.116,-23.92,1.101,0.092,0.976,2.811,304761,0.0104982950323099,27.761900673763208,0.0946971183476194,5.07,5.28,150.0788420008211,2.036968504376384,1.625,1.406,-74.74,1.156,0.135,0.454,2.108,246771,0.0231457746846027,26.59031418492152,0.0717061646623352,5.08,3.96,150.07884627589303,2.036969678161563,1.277,1.177,-89.86,1.085,0.078,0.298,1.64,416599,0.0224580916608395,26.358187806938208,0.0463464744192702,3.5,3.96,150.07884597178307,2.0369697470905184,1.207,1.123,74.65,1.075,0.07,0.308,1.136
2308,3,1,24.51706720892272,0.0078817434246822,3.5,3.96,150.18987978764818,2.1620420386527366,3.201,2.8,-87.05,1.143,0.125,0.977,2.937,348896,0.0057477014161203,26.00843854421017,0.0179922133153428,3.5,4.62,150.18987832923165,2.1620426906711434,2.17,1.976,78.51,1.098,0.09,0.926,2.166,117417,0.015928412798599,25.23809314704265,0.0156629720874758,3.5,3.96,150.18987539753118,2.162042614001564,1.455,1.333,63.6,1.091,0.084,0.958,1.299,267270,0.0130638000124746,25.12062703882645,0.018218711517877,3.5,3.96,150.1898762078358,2.162042648253852,1.556,1.262,73.85,1.233,0.189,0.337,1.233
2309,7,1,26.4692447599266,0.0383658582764108,4.08,4.62,149.81783973631178,1.9482523207807243,2.275,1.937,7.84,1.174,0.149,0.98,2.535,205179,0.0066745610867458,28.00542289398684,0.0780985879310456,3.5,5.94,149.81784057209788,1.9482506655614389,1.492,1.332,-43.91,1.12,0.107,0.26,1.929,47901,0.0148583594008626,26.71316620658093,0.07557480892185,4.68,6.6,149.81783574647932,1.948251255687796,1.36,1.246,-73.29,1.091,0.084,0.17,1.496,134369,0.0157607333317589,26.640123527429296,0.0569270842432114,3.5,3.5,149.81783744347237,1.9482485904073688,1.176,1.084,6.76,1.085,0.079,0.822,1.092
2310,7,1,26.08239836458274,0.0244827061184073,3.5,4.62,149.8660388127727,1.966473319192102,2.291,2.161,20.9,1.06,0.057,0.976,2.671,213931,0.007918607006757,27.7370161925922,0.067932871257485,3.71,5.94,149.86604091238385,1.9664726595547333,1.604,1.392,27.55,1.153,0.133,0.949,2.025,213680,0.0043651559054697,26.76467984500258,0.0567631931731844,3.5,3.96,149.86603940623576,1.966474376773108,1.288,1.141,-61.31,1.129,0.114,0.646,1.276,142697,0.0101052322677184,26.203110159202,0.0451062397197668,3.5,4.62,149.8660374655203,1.9664708561964592,1.348,1.23,-65.2,1.096,0.087,0.025,1.312
2311,7,1,25.897801182619336,0.0249187428622819,4.05,5.28,149.87655720956633,1.9680797521457063,2.389,2.24,-60.71,1.066,0.062,0.978,2.916,214977,0.0061983097234945,27.94410108198792,0.1240090144303524,7.14,10.56,149.87655768265748,1.968081407706367,1.343,1.035,12.63,1.297,0.229,0.014,3.435,214396,0.0205454818925492,27.1796828627969,0.0795228883172582,3.5,3.96,149.87655435620425,1.9680846956940392,1.61,0.925,-9.59,1.741,0.426,0.042,1.649,143297,0.006189722576055,26.568537475868222,0.05817409218927,3.5,4.62,149.87655879684382,1.9680790890123545,1.393,1.092,-83.91,1.275,0.216,0.041,1.333
2312,7,1,25.685217548981548,0.0218430802123115,4.49,4.62,149.97098170237783,1.9479902824543056,2.348,2.143,68.65,1.096,0.088,0.977,2.784,270668,0.0073219771650237,28.28,-1.0,3.5,6.6,149.97098185207244,1.9479882540816509,1.338,1.137,87.41,1.177,0.15,0.465,1.924,217315,0.008292656993565,27.557242719158022,0.0874889037097637,3.5,4.62,149.97098094570146,1.947988106612484,1.008,0.878,89.61,1.148,0.129,0.859,1.016,197269,0.0110973420458108,26.61784869553587,0.0568631002354542,3.5,3.96,149.97097899944333,1.947988797537182,1.16,1.113,-80.21,1.042,0.041,0.382,1.046
2314,7,1,26.141069383266107,0.0355274984922361,4.94,5.28,149.87757796839557,2.077665151247024,2.251,2.095,-76.11,1.075,0.069,0.975,3.057,242710,0.0214361296415188,28.054990111217304,0.0990570748209561,4.39,7.26,149.8775784330181,2.077659214897376,1.547,1.232,-45.8,1.256,0.204,0.514,2.306,236052,0.0076611156746148,27.35645826064147,0.0862324379660788,3.5,5.94,149.8775758391215,2.0776651813838933,1.192,1.025,-26.92,1.163,0.14,0.682,1.304,168972,0.0158346721191886,26.74066873931321,0.0829902783083108,4.48,3.96,149.8775818965858,2.077667135329045,1.195,1.111,-45.11,1.076,0.07,0.346,1.144
2316,1,1,25.867625826825325,0.025197072845226,4.22,4.62,149.7932678830811,2.150532635902282,2.52,2.076,57.92,1.214,0.176,0.977,2.708,362640,0.0063526519674679,27.20568104532512,0.0662051734941333,5.08,5.28,149.79326683681748,2.150531214361864,1.757,1.706,89.8,1.03,0.029,0.34,2.396,289178,0.0105166656443098,26.476911144418107,0.0600592793772458,4.42,3.96,149.79327049842144,2.1505339411214286,1.345,1.233,-22.21,1.091,0.083,0.414,1.401,8111,0.0114276192151503,25.97689982032448,0.0400240966494367,3.68,4.62,149.79327085409673,2.150531512549417,1.384,1.264,87.46,1.094,0.086,0.02,1.365
2317,1,1,26.800365006080373,0.0538933451723754,4.28,5.28,149.8671015631098,2.1921255173165326,2.355,1.76,69.92,1.338,0.253,0.967,2.717,378058,0.0129499058299852,28.28,-1.0,3.93,5.94,149.86709975096556,2.1921224091406346,1.447,1.136,-41.73,1.274,0.215,0.009,2.199,298737,0.0176795333821202,27.247983570246426,0.0957291850991994,3.5,3.5,149.86709741065633,2.192128144120193,1.538,1.057,29.36,1.455,0.313,0.211,1.849,22513,0.0071543860781083,26.97786244245438,0.0813343582579866,3.5,5.28,149.8671035111325,2.1921259176140104,1.138,1.125,75.88,1.012,0.012,0.251,1.279
2318,1,1,24.651252760880443,0.0088201325808455,3.5,3.96,149.8202867866695,2.2452910822686367,2.97,2.906,-35.3,1.022,0.021,0.973,2.899,386657,0.001671230475975,26.726137012676013,0.035215824066243,3.67,7.26,149.82028713419362,2.2452907741737,2.107,1.832,-61.59,1.15,0.13,0.764,2.413,304693,0.011561879632538,26.060322613944763,0.0340669428870345,3.72,3.5,149.82028541747724,2.2452881766227533,1.301,1.202,72.07,1.083,0.076,1.0,1.132,29853,0.004963318692354,25.2611142637589,0.0211117345579285,3.57,3.5,149.82028623215726,2.245289819810393,1.484,1.316,58.74,1.128,0.113,0.985,1.233
2319,1,1,26.714335912353903,0.039788442381874,3.5,5.28,149.7803851356322,2.282364398759649,2.084,1.885,47.04,1.106,0.096,0.987,2.394,392615,0.01036462602404,28.00140603881443,0.0813198423090653,3.5,5.28,149.78038229433895,2.2823648771513576,1.663,1.363,-2.83,1.22,0.18,0.008,2.112,308623,0.022382300776787,27.572200411052,0.1147184438535213,3.96,4.62,149.78038555658503,2.282370601821055,1.085,0.913,-63.09,1.188,0.158,0.927,1.142,34240,0.0209733652506581,26.62011614128547,0.0801625175692467,4.44,3.96,149.78038912581272,2.2823686467270194,1.356,1.09,3.66,1.244,0.196,0.865,1.32
2320,9,1,25.76148015755341,0.0178786480912518,3.5,4.62,150.07146682108572,1.827352837456184,2.267,2.107,47.47,1.076,0.07,0.968,2.446,252236,0.0226597094716121,27.612628561837223,0.0621338864850258,3.5,5.94,150.0714606838641,1.827351426135722,2.09,1.308,25.21,1.598,0.374,0.968,2.174,321285,0.0083251401713666,26.624803004603567,0.0498196200550395,3.5,3.96,150.07146473021544,1.827353827679974,1.29,1.17,12.65,1.103,0.093,0.863,1.281,180428,0.0190537127111508,26.01852818926416,0.0365316435015966,3.5,4.62,150.07146285565136,1.8273563451579515,1.403,1.162,87.29,1.207,0.172,0.906,1.25
2321,9,1,24.267190468857265,0.006462200076499,3.56,3.96,150.1269541695279,1.8148454841170136,3.33,2.845,81.49,1.171,0.146,0.974,2.96,42759,0.0113674995771721,27.919965615427024,0.0729807850755719,3.5,5.28,150.12695167758054,1.814843543212783,1.514,1.374,20.08,1.102,0.093,0.932,1.879,4769,0.0080835363616074,27.06463311854133,0.0686970625392228,3.5,3.96,150.12695259776768,1.814843879751412,1.18,1.052,-51.17,1.122,0.109,0.929,1.204,279945,0.0145146143013307,26.312792144091592,0.050249607510611,3.7,5.28,150.12695155336974,1.8148424151932323,1.337,1.168,-88.61,1.145,0.126,0.011,1.341
2322,9,1,25.854295893466183,0.022194790756442,3.78,4.62,150.152365678417,1.8468808463319235,2.312,2.282,-42.12,1.013,0.013,0.977,2.823,52703,0.0206319599547664,27.68043878585483,0.1133945131767188,6.04,9.9,150.15236000062026,1.8468816473410667,2.345,1.132,-10.83,2.07,0.517,0.048,3.847,11962,0.0149344610640927,27.12020714840426,0.0800102187747413,3.5,5.28,150.1523644440181,1.8468848070861568,1.384,1.124,-57.66,1.231,0.188,0.858,1.417,288154,0.0085914025659699,26.40557782061147,0.05634283394246,3.75,3.5,150.15236552360622,1.8468832278113312,1.368,1.151,27.23,1.189,0.159,0.95,1.228
2323,9,1,25.75421053853364,0.0194631820131734,3.55,4.62,150.19190546551158,1.8839235040528928,2.523,2.233,-67.47,1.13,0.115,0.978,2.687,64162,0.0334615209670041,28.21767575746292,0.092994420203479,3.5,6.6,150.1918966669028,1.8839265144850592,1.901,1.05,-19.34,1.811,0.448,0.002,2.719,21907,0.0113743180309986,27.290330132105392,0.1133340109333464,4.91,5.28,150.19190401080317,1.8839206989222503,1.19,0.952,-11.81,1.25,0.2,0.548,1.366,300531,0.0097363971390436,26.484995758995176,0.0726569116161164,4.56,5.94,150.19190814772904,1.8839238619651644,1.405,1.108,27.33,1.268,0.212,0.026,1.414
12003,10,0,24.36148357417318,0.0076460021167432,3.5,3.5,150.29412830602533,1.7994872149079666,3.382,3.117,87.65,1.085,0.078,0.977,3.091,469039.0,0.0081016059636975,25.67540932094409,0.0170253926397211,3.5,4.62,150.29413012939796,1.799488535172449,3.021,2.109,-69.8,1.432,0.302,0.674,2.434,131767.0,0.0083319648210017,25.328358001473845,0.0229565649771492,3.5,3.96,150.29412739205767,1.7994850883862328,1.88,1.616,5.53,1.163,0.141,0.089,1.657,386994.0,0.015374253779247,25.08074457238287,0.0226101728068047,3.5,3.5,150.294125,1.799484,1.798,1.655,21.98,1.087,0.08,0.669,1.487
12006,10,0,25.86277083977365,0.0287937308813506,4.56,4.62,150.2809057312408,1.8254545708861536,2.419,2.315,-85.76,1.045,0.043,0.959,3.176,471994.0,0.007148707697584,27.039382222355933,0.051035176197588,3.99,5.94,150.28090559492514,1.825456551958704,1.949,1.842,-11.84,1.058,0.055,0.2,2.56,133984.0,0.0067905579538903,27.04260953815276,0.1159889044080538,5.17,8.58,150.28090476073982,1.825456188626356,1.352,1.1,-58.11,1.229,0.186,0.218,2.141,389148.0,0.0134984595066067,27.20579779491387,0.1371908051469165,4.83,6.6,150.280908,1.825458,1.236,0.93,74.36,1.33,0.248,0.012,1.687
12007,10,1,26.73925781384961,0.0558505644542772,4.71,5.94,150.2825537987723,1.87737947490638,2.058,1.893,37.9,1.087,0.08,0.944,3.164,481287.0,0.0066425079432495,27.6461133079695,0.0664031236008918,3.5,7.26,150.28255303888767,1.8773777933176323,1.67,1.548,-13.0,1.078,0.073,0.217,2.506,141165.0,0.0168715071401187,27.188067856349846,0.1525290596338409,6.45,6.6,150.28255743976428,1.8773824280346727,1.398,0.92,72.78,1.52,0.342,0.001,2.482,397201.0,0.0155023070230468,27.28535207363175,0.17451654878944,5.86,6.6,150.28255,1.87738,1.172,0.938,-76.96,1.25,0.2,0.0,1.963
12016,4,1,26.939944183390907,0.0679582614792961,4.44,5.94,150.17028050023694,1.9979891075012728,3.157,1.561,17.98,2.023,0.506,0.183,3.374,409421.0,0.0300508443262334,27.90180722545968,0.0839971964123629,3.72,5.28,150.17028509221953,1.997982134742771,1.794,1.455,8.46,1.233,0.189,0.007,2.568,85322.0,0.0538607457072761,27.656308833495448,0.1202220759274666,3.53,6.6,150.17026935516873,1.9979990964693328,1.236,0.996,65.59,1.241,0.194,0.003,1.761,230334.0,0.0200972291448196,27.03113294596906,0.1663120728840646,5.99,7.92,150.170275,1.997987,1.645,1.058,57.73,1.555,0.357,0.0,2.768
12026,4,1,24.986988179049533,0.0111923334526124,3.5,3.96,150.3050874447741,2.0494196836951857,3.115,2.49,25.69,1.251,0.201,0.977,2.882,434270.0,0.0219319899342223,26.09795064470441,0.0283139490317504,4.24,5.28,150.30504346692186,2.0494372965407304,3.017,2.053,12.43,1.47,0.32,0.751,2.608,375345.0,0.0106326464201567,25.388773493033504,0.0225725338418385,3.54,3.5,150.30508470573943,2.049420792984187,1.706,1.47,-35.24,1.161,0.138,0.739,1.396,111800.0,0.0018979396355644,25.38865542531523,0.0257041027227277,3.5,3.5,150.305087,2.049419,1.579,1.324,12.5,1.193,0.162,0.051,1.291
12032,3,0,26.291736013711525,0.0365698048896328,4.16,5.28,150.0953289162128,2.091997331943221,2.367,2.186,75.28,1.083,0.077,0.897,3.122,318694.0,0.0074200626673577,27.274717043604195,0.0661393466586349,4.71,7.26,150.09532701073348,2.0919981207636527,1.986,1.586,79.74,1.252,0.201,0.207,2.601,256739.0,0.0203361984659456,27.50127621096463,0.1004793940555281,3.5,6.6,150.09532339554437,2.0919961181055613,1.226,0.969,-74.3,1.264,0.209,0.059,1.513,428347.0,0.0216344978407137,26.9740778082794,0.1442542206254323,6.12,10.56,150.095323,2.091997,1.374,1.007,-66.7,1.365,0.267,0.0,2.48
12043,5,0,24.27377788603033,0.0073473712420054,3.5,3.5,150.39991595514732,2.02983500860216,3.618,3.289,-87.25,1.1,0.091,0.971,3.217,24041.0,0.0117307850980483,26.145828346892323,0.0258891377472266,4.14,5.94,150.39991656525314,2.0298318076030646,2.243,2.033,88.23,1.103,0.094,0.771,2.305,377086.0,0.0183132306928786,27.15393795428643,0.12504780351038,5.2,3.96,150.3999205056511,2.029832729007992,1.368,1.026,-2.61,1.333,0.25,0.146,2.094,113511.0,0.0336368539448178,26.790853444595754,0.0857826305430052,3.72,3.96,150.399921,2.029827,1.346,1.199,57.53,1.123,0.109,0.018,1.515
12048,6,0,26.27598621108848,0.0359937199502147,4.44,5.28,149.8185657813858,1.9745398069995577,2.274,2.057,25.25,1.105,0.095,0.974,2.923,212097.0,0.0037248635150438,27.52108139069714,0.0584527419734549,3.5,7.26,149.81856506040373,1.9745390644542025,1.798,1.503,74.01,1.196,0.164,0.915,2.24,53412.0,0.0135336684205754,27.400138369794178,0.0921734443928796,3.5,5.94,149.8185627063214,1.974541972163504,1.157,1.067,-52.31,1.084,0.077,0.196,1.362,141241.0,0.0201616415655172,27.45,-1.0,3.5,5.28,149.818562,1.974544,1.021,0.931,74.23,1.096,0.088,0.771,1.084
12049,7,0,24.95911010226387,0.0112616544898417,3.5,3.96,149.9596376597786,1.924291754136546,3.111,2.671,-80.79,1.165,0.141,0.978,3.021,265266.0,0.0067512092609622,26.243601054992386,0.0261287521538043,4.04,5.28,149.95963605772536,1.924290777814813,2.2,2.045,-28.85,1.076,0.071,0.705,2.559,331249.0,0.0016628035877041,26.96630680003651,0.0664460461124478,3.62,5.28,149.95963806892362,1.9242919689186693,1.209,1.074,-39.0,1.126,0.112,0.485,1.373,191507.0,0.007083542349493,25.959045983609364,0.0383479383940474,3.66,4.62,149.959637,1.92429,1.396,1.318,53.1,1.059,0.055,0.011,1.405
12051,7,1,24.813542220953305,0.0103293118359946,3.5,3.96,149.88244453723408,1.989569443130324,3.175,2.885,-2.86,1.101,0.091,0.978,3.006,220514.0,0.002514575020785,26.001452418735845,0.0179307961508389,3.5,3.96,149.88244392021804,1.9895697712196905,2.109,2.051,-22.99,1.028,0.027,0.973,2.202,219378.0,0.0112615753305227,25.35107382111048,0.0183576680841182,3.5,3.5,149.8824414665184,1.9895688366636453,1.492,1.445,-29.53,1.033,0.032,0.999,1.29,150044.0,0.0105946119198053,25.29174179486313,0.0199224055290568,3.5,3.5,149.882442,1.989569,1.366,1.318,85.89,1.036,0.035,0.992,1.154
12053,7,0,25.76372638805234,0.0205485590331095,3.5,4.62,149.92373707997004,1.9781522103299465,2.561,2.435,-58.52,1.052,0.049,0.977,2.959,221675.0,0.0186343311986358,27.284620803692256,0.0636562896425622,4.59,5.28,149.92373235014426,1.978154319472572,1.804,1.643,39.79,1.097,0.089,0.688,2.146,220341.0,0.0270455789108962,27.66,-1.0,3.58,4.62,149.92372956608,1.978152431238121,1.026,0.941,-8.04,1.09,0.082,0.001,1.327,151300.0,0.0133656962207351,27.408450266019592,0.1203332979581548,3.5,6.6,149.923735,1.978149,1.292,1.001,-41.93,1.291,0.225,0.001,1.652
12069,1,0,25.351645198785675,0.0152554526554351,3.5,4.62,149.82711699090214,2.2238503300289207,2.786,2.557,-22.6,1.09,0.082,0.977,2.958,382696.0,0.0074152137733251,27.14374585329784,0.0452926772004054,3.5,4.62,149.82711653641985,2.2238483209353146,2.034,1.654,71.3,1.23,0.187,0.027,2.249,301838.0,0.0089054790145259,27.58074063873241,0.1411278260534212,4.46,5.28,149.8271193334659,2.223849529986354,1.123,1.056,23.41,1.063,0.06,0.254,1.343,27200.0,0.0008932595251911,27.189895991462947,0.1057020221502179,3.5,6.6,149.827117,2.22385,1.46,0.997,51.71,1.465,0.317,0.0,1.637
12070,1,2,26.61303427729776,0.0448737588624362,3.5,5.28,149.89840621091304,2.212485280420894,3.011,2.025,64.13,1.487,0.327,0.338,3.199,385795.0,0.0134192013405806,27.693300319453915,0.0971519959556965,5.12,5.28,149.89840411339534,2.212482197946272,1.642,1.551,-34.49,1.058,0.055,0.082,2.172,304078.0,0.0299289067110733,27.3323298909869,0.158223511954438,4.76,6.6,149.89839943937235,2.212480450278514,1.664,1.235,64.4,1.348,0.258,0.0,2.168,29374.0,0.0174378512136211,27.45,-1.0,4.36,4.62,149.898405,2.212481,1.154,0.903,89.22,1.278,0.217,0.0,1.619
12075,1,0,25.29677205274366,0.0169365614131034,4.22,3.96,149.815995156816,2.3072926267073104,2.783,2.435,-28.68,1.143,0.125,0.976,3.046,400229.0,0.0053435732559523,26.99215492781891,0.0389261666569926,3.5,4.62,149.8159953466271,2.307294098866791,1.876,1.75,-70.81,1.072,0.067,0.677,2.106,314721.0,0.0264647984728654,27.30418173543993,0.081982196471693,3.5,5.28,149.81599007090645,2.307297938726106,1.152,0.952,-85.31,1.21,0.173,0.993,1.091,41558.0,0.0166770100387892,27.331318638232915,0.1326822437243368,4.3,4.62,149.816,2.307294,1.083,1.073,-63.2,1.01,0.01,0.355,1.171
12084,9,1,25.98101181694216,0.0256624761918324,4.08,4.62,150.12125362292264,1.871542202799844,2.325,2.079,-80.03,1.118,0.106,0.975,2.736,55324.0,0.0017801897150236,26.91199287608593,0.0355409851068641,3.5,4.62,150.12125342403186,1.8715426555824373,1.827,1.764,-89.23,1.036,0.034,0.864,2.085,14231.0,0.0105569976808451,25.926690366654288,0.0328234178041381,3.5,5.94,150.12125279382266,1.871545015783828,1.822,1.295,69.01,1.406,0.289,0.984,1.434,290855.0,0.0045068606856107,26.065021925719662,0.040882382632867,3.64,4.62,150.121254,1.871543,1.354,1.216,86.63,1.113,0.102,0.012,1.326
12079,2,0,26.087957990430525,0.0373910024256714,5.15,5.28,150.01162905434649,2.110518328055137,2.433,2.201,-4.34,1.105,0.095,0.769,3.348,106483.0,0.0096767186604553,27.29937332062868,0.0482170195973372,3.5,5.94,150.0116316104302,2.110519165025707,1.827,1.631,-63.92,1.12,0.107,0.41,2.189,166314.0,0.0065145458385225,27.35130258487662,0.0910363230948029,3.5,5.28,150.01162785354038,2.110519682550696,1.274,1.044,-67.16,1.221,0.181,0.025,1.497,340478.0,0.0041411666506605,27.30874592529269,0.1065465064761211,3.5,5.28,150.01163,2.110519,1.256,1.021,-67.42,1.23,0.187,0.001,1.467
