area,MAG_AUTO_F444W,MAGERR_AUTO_F444W,KRON_RADIUS_F444W,PETRO_RADIUS_F444W,ALPHA_J2000_F444W,DELTA_J2000_F444W,A_IMAGE_F444W,B_IMAGE_F444W,THETA_IMAGE_F444W,ELONGATION_F444W,ELLIPTICITY_F444W,CLASS_STAR_F444W,FLUX_RADIUS_F444W,idx42,d2d42,MAG_AUTO_F277W,MAGERR_AUTO_F277W,KRON_RADIUS_F277W,PETRO_RADIUS_F277W,ALPHA_J2000_F277W,DELTA_J2000_F277W,A_IMAGE_F277W,B_IMAGE_F277W,THETA_IMAGE_F277W,ELONGATION_F277W,ELLIPTICITY_F277W,CLASS_STAR_F277W,FLUX_RADIUS_F277W,idx415,d2d415,MAG_AUTO_F150W,MAGERR_AUTO_F150W,KRON_RADIUS_F150W,PETRO_RADIUS_F150W,ALPHA_J2000_F150W,DELTA_J2000_F150W,A_IMAGE_F150W,B_IMAGE_F150W,THETA_IMAGE_F150W,ELONGATION_F150W,ELLIPTICITY_F150W,CLASS_STAR_F150W,FLUX_RADIUS_F150W,idx411,d2d411,MAG_AUTO_F115W,MAGERR_AUTO_F115W,KRON_RADIUS_F115W,PETRO_RADIUS_F115W,ALPHA_J2000_F115W,DELTA_J2000_F115W,A_IMAGE_F115W,B_IMAGE_F115W,THETA_IMAGE_F115W,ELONGATION_F115W,ELLIPTICITY_F115W,CLASS_STAR_F115W,FLUX_RADIUS_F115W
9,25.48596660221673,0.0170198510665844,3.5,4.62,150.21894524668434,1.8201975079200217,2.777,2.395,70.23,1.159,0.137,0.975,2.91,52107.0,0.008842660658802,26.74165593766153,0.0349732580993811,3.5,5.94,150.21894291815465,1.8201967225519184,2.18,1.924,-76.96,1.133,0.117,0.275,2.435,11429.0,0.0024081629465282,27.44619213334601,0.0870955449133186,3.5,4.62,150.2189455166574,1.8201981200155808,1.139,0.897,23.18,1.27,0.212,0.673,1.163,385683.0,0.0363743425379346,26.566765513731585,0.0831745900839908,3.5,5.28,150.218939,1.820206,2.296,1.099,32.82,2.09,0.521,0.01,2.036
10,22.38855663438169,0.0014815151706347,3.5,3.5,150.24751279813924,1.8105401895521167,3.96,3.828,82.52,1.034,0.033,0.992,3.075,468050.0,0.0066782904735629,23.355341078668488,0.0025227014843009,3.5,3.96,150.2475126838119,1.8105420411100173,3.224,3.067,-10.38,1.051,0.049,0.856,2.647,130715.0,0.0197695238638112,22.583465564756978,0.0024719906212427,3.5,3.5,150.24751793058476,1.8105421494623808,2.573,2.157,46.93,1.192,0.161,0.99,1.39,385736.0,0.0233003064759076,22.70563303640888,0.0034249459959027,3.5,3.5,150.247519,1.81054,2.386,2.233,-87.75,1.068,0.064,0.998,1.216
10,24.36148357417318,0.0076460021167432,3.5,3.5,150.29412830602533,1.7994872149079666,3.382,3.117,87.65,1.085,0.078,0.977,3.091,469039.0,0.0081016059636975,25.67540932094409,0.0170253926397211,3.5,4.62,150.29413012939796,1.799488535172449,3.021,2.109,-69.8,1.432,0.302,0.674,2.434,131767.0,0.0083319648210017,25.328358001473845,0.0229565649771492,3.5,3.96,150.29412739205767,1.7994850883862328,1.88,1.616,5.53,1.163,0.141,0.089,1.657,386994.0,0.015374253779247,25.08074457238287,0.0226101728068047,3.5,3.5,150.294125,1.799484,1.798,1.655,21.98,1.087,0.08,0.669,1.487
10,26.53907264969545,0.0770995238989692,7.34,10.56,150.3175951685101,1.7975794577356,2.415,1.859,40.03,1.299,0.23,0.002,6.224,470038.0,0.0220627010120186,27.5476712127681,0.0997290094883061,5.5,7.92,150.317590611802,1.7975753570407458,1.886,1.467,53.33,1.286,0.222,0.002,3.414,132535.0,0.0186763992999888,27.02831754695665,0.1171449695783521,4.71,6.6,150.3175924640397,1.7975750297308632,1.455,1.337,-85.92,1.088,0.081,0.0,2.344,387769.0,0.011720261641059,27.163583263741604,0.1013907204915026,3.5,4.62,150.317598,1.797581,1.29,1.002,-55.17,1.288,0.224,0.001,1.458
10,25.47713966644184,0.0192542779054466,3.9,4.62,150.33685708927882,1.804610199737113,2.907,2.376,-19.53,1.223,0.183,0.977,3.052,471935.0,0.0115082274184828,26.58228807586872,0.0315496876555596,3.5,5.94,150.33685965773813,1.804608294838001,2.187,1.865,-8.99,1.172,0.147,0.257,2.497,133926.0,0.0100787883926095,26.52440928863244,0.0522723292648853,3.5,3.5,150.336859846622,1.8046097070771512,1.467,1.214,56.09,1.208,0.172,0.347,1.41,389068.0,0.0161490050994415,26.21272972977388,0.0652606841929778,3.5,5.28,150.336854,1.804607,2.159,1.409,-7.94,1.533,0.348,0.036,1.965
10,25.86277083977365,0.0287937308813506,4.56,4.62,150.2809057312408,1.8254545708861536,2.419,2.315,-85.76,1.045,0.043,0.959,3.176,471994.0,0.007148707697584,27.039382222355933,0.051035176197588,3.99,5.94,150.28090559492514,1.825456551958704,1.949,1.842,-11.84,1.058,0.055,0.2,2.56,133984.0,0.0067905579538903,27.04260953815276,0.1159889044080538,5.17,8.58,150.28090476073982,1.825456188626356,1.352,1.1,-58.11,1.229,0.186,0.218,2.141,389148.0,0.0134984595066067,27.20579779491387,0.1371908051469165,4.83,6.6,150.280908,1.825458,1.236,0.93,74.36,1.33,0.248,0.012,1.687
10,26.73925781384961,0.0558505644542772,4.71,5.94,150.2825537987723,1.87737947490638,2.058,1.893,37.9,1.087,0.08,0.944,3.164,481287.0,0.0066425079432495,27.6461133079695,0.0664031236008918,3.5,7.26,150.28255303888767,1.8773777933176323,1.67,1.548,-13.0,1.078,0.073,0.217,2.506,141165.0,0.0168715071401187,27.188067856349846,0.1525290596338409,6.45,6.6,150.28255743976428,1.8773824280346727,1.398,0.92,72.78,1.52,0.342,0.001,2.482,397201.0,0.0155023070230468,27.28535207363175,0.17451654878944,5.86,6.6,150.28255,1.87738,1.172,0.938,-76.96,1.25,0.2,0.0,1.963
10,25.79999817260241,0.036048849483918,4.77,5.94,150.26478711435928,1.902102182239848,3.307,2.717,-15.36,1.217,0.178,0.01,4.373,484728.0,0.0262210839707155,26.88882632647704,0.0635352959640734,4.58,7.92,150.26478148711013,1.9021068104451144,2.671,2.065,8.88,1.293,0.227,0.0,3.946,143483.0,0.0297393903866617,27.222337023558723,0.1093070383015486,3.5,5.94,150.2647877578627,1.902110418107656,2.521,0.841,59.68,2.999,0.667,0.0,3.047,399665.0,0.0283142529485117,26.29887217601756,0.1425014282667282,7.34,5.28,150.264779,1.902103,2.466,1.139,42.85,2.165,0.538,0.0,6.545
10,26.75430308793032,0.0531103052740076,4.16,5.28,150.26639568217772,1.9085111750121384,2.363,1.855,-59.78,1.274,0.215,0.723,2.934,485983.0,0.0357036706726391,27.904393267783284,0.0765825705565784,3.5,5.94,150.26640557994142,1.9085104654826308,1.812,1.159,-87.34,1.563,0.36,0.508,2.102,144698.0,0.0221147596591815,26.908133781840696,0.1048697271065561,4.79,6.6,150.2663914188896,1.9085067499872803,1.657,1.121,-26.47,1.477,0.323,0.229,2.489,401259.0,0.0313623603287208,27.45,-1.0,4.11,5.28,150.266396,1.908502,1.176,0.919,53.32,1.28,0.219,0.0,1.645
10,26.391028909585188,0.0608139572594706,7.76,10.56,150.34750097957124,1.8795395760685432,2.844,1.147,-30.85,2.479,0.597,0.707,8.679,486074.0,0.0232917001313999,27.515657721134943,0.1018185844593895,7.08,9.24,150.34749485872473,1.8795416820984736,1.757,1.058,-56.88,1.661,0.398,0.003,4.337,144794.0,0.0651565629427992,27.19078596596197,0.1913211623488289,7.4,7.92,150.34748416694922,1.8795463002971744,1.873,0.818,-85.19,2.29,0.563,0.0,3.264,401363.0,0.0628319767496014,27.45,-1.0,5.99,5.28,150.347486,1.879549,1.912,0.774,54.69,2.47,0.595,0.0,1.625
10,26.49431834125672,0.0672618471221153,7.24,5.94,150.2578403399107,1.9138662369743769,2.438,1.557,-38.39,1.566,0.362,0.645,6.194,76951.0,0.0318789614139286,27.67756837003129,0.1019425575647848,6.09,5.94,150.25783446137518,1.9138596114843167,1.597,1.323,42.01,1.207,0.172,0.253,3.014,31295.0,0.0589462087512592,27.41870609935543,0.1053282911658665,3.5,6.6,150.25783466775565,1.913850875702359,1.677,0.907,-89.15,1.85,0.459,0.145,1.56,311488.0,0.0494666807121597,27.45,-1.0,3.5,4.62,150.257832,1.913855,1.126,0.865,78.57,1.302,0.232,0.0,1.263
10,26.228911936230563,0.0449800131219506,5.04,5.94,150.32041106365097,1.9080116082936365,2.558,2.24,19.24,1.142,0.124,0.587,3.667,488766.0,0.0237781783282533,27.24058202590428,0.0695625953837999,5.01,7.26,150.32040578962716,1.908015588518136,1.751,1.629,-82.76,1.075,0.07,0.242,2.55,146856.0,0.0060328440877444,27.391513984883083,0.1697244616702274,5.49,9.24,150.32041163733845,1.9080131829427136,1.866,0.792,59.76,2.355,0.575,0.002,2.536,403488.0,0.0130825525749475,27.12212542101456,0.1583477654851669,5.05,8.58,150.320408,1.908013,1.672,0.961,66.08,1.74,0.425,0.0,2.453
10,26.26502687096059,0.0605715321077054,5.99,9.9,150.2925662654493,1.9461037649113704,3.146,2.175,-0.61,1.447,0.309,0.018,5.477,492669.0,0.0318209403016567,27.399768440866804,0.0798343981601533,4.86,4.62,150.2925578244815,1.946106403624149,1.966,1.546,-69.81,1.272,0.214,0.012,2.527,360173.0,0.0460231123457959,27.45246247352452,0.1733089523916668,5.26,5.28,150.2925538673786,1.9461069114690568,1.404,1.067,-77.83,1.315,0.24,0.0,1.998,95584.0,0.077414706316772,26.93123343482594,0.1108719857276732,3.5,6.6,150.292545,1.9461,1.949,1.178,-62.23,1.654,0.395,0.0,2.408
10,26.214371071956315,0.0416648370323738,4.77,8.58,150.29063575332955,1.946442963629982,2.395,2.369,50.83,1.011,0.011,0.961,3.546,2491.0,0.039975567563755,27.41514532360832,0.0594140419018608,3.54,6.6,150.29063851880443,1.9464537184888984,2.237,1.368,61.76,1.636,0.389,0.611,2.149,150595.0,0.028521731382371,26.86101165204193,0.092966794053888,5.24,5.94,150.29063765394588,1.94645065525207,1.2,1.105,89.14,1.086,0.079,0.965,1.477,95531.0,0.0159384868890682,27.361905254939305,0.1091259180432625,3.5,3.96,150.290635,1.946447,1.118,0.858,-45.76,1.304,0.233,0.701,1.04
9,24.75135673948196,0.0116763075808145,3.5,3.5,150.2187241092159,1.973966441463885,4.068,3.263,-89.19,1.247,0.198,0.977,3.204,407283.0,0.0287217308924402,26.743390157531955,0.0372430755277547,3.98,5.28,150.21872631325795,1.973974109617016,2.041,1.847,16.92,1.105,0.095,0.682,2.255,38368.0,0.0247970381950824,27.43865949294444,0.1142102480466854,3.5,5.94,150.21873098156624,1.9739659196466408,1.71,1.041,-1.98,1.642,0.391,0.003,1.93,228390.0,0.0196738188650573,26.9499359828914,0.159005746876929,6.29,4.62,150.218721,1.973971,1.613,1.042,1.03,1.548,0.354,0.0,3.053
4,26.939944183390907,0.0679582614792961,4.44,5.94,150.17028050023694,1.9979891075012728,3.157,1.561,17.98,2.023,0.506,0.183,3.374,409421.0,0.0300508443262334,27.90180722545968,0.0839971964123629,3.72,5.28,150.17028509221953,1.997982134742771,1.794,1.455,8.46,1.233,0.189,0.007,2.568,85322.0,0.0538607457072761,27.656308833495448,0.1202220759274666,3.53,6.6,150.17026935516873,1.9979990964693328,1.236,0.996,65.59,1.241,0.194,0.003,1.761,230334.0,0.0200972291448196,27.03113294596906,0.1663120728840646,5.99,7.92,150.170275,1.997987,1.645,1.058,57.73,1.555,0.357,0.0,2.768
4,24.470667603979376,0.0074659275783275,3.5,3.96,150.18265427604783,2.009844520726711,3.155,2.874,-87.6,1.098,0.089,0.976,3.036,412700.0,0.0078745504061616,26.67099980192521,0.0310787546462188,3.53,4.62,150.18265430956072,2.009846707845398,2.041,1.824,-83.44,1.119,0.106,0.746,2.196,87684.0,0.0037392944359451,27.41742826968219,0.1279935845844858,5.09,5.28,150.1826548922,2.009845357211264,1.128,0.949,61.93,1.189,0.159,0.872,1.403,232625.0,0.015960833446048,26.908865190073705,0.1240991477453919,5.24,3.5,150.18265,2.009844,1.513,1.046,-12.13,1.447,0.309,0.0,2.407
4,25.62736334343503,0.0251686421754459,4.78,5.28,150.21572694611476,1.9989918824297896,2.725,2.419,8.52,1.127,0.113,0.914,3.704,412935.0,0.0050864740316845,26.721927584503167,0.0428374783807662,4.11,6.6,150.21572624019043,1.998990658260555,2.255,2.142,55.23,1.053,0.05,0.015,3.016,87805.0,0.0086489894568642,26.9434411801528,0.0845757516983561,4.16,5.94,150.21572865425793,1.998993572929493,1.572,1.088,18.31,1.444,0.308,0.008,1.829,232726.0,0.0209707549716872,26.583753554737307,0.1454434514301118,6.96,10.56,150.215723,1.998988,1.608,1.385,-14.8,1.161,0.139,0.0,4.238
4,26.34647928566481,0.0421355960232665,3.84,6.6,150.23551865134127,2.0099318302060416,3.703,2.066,-74.74,1.792,0.442,0.415,3.659,417871.0,0.0304423759127955,27.831015727808992,0.0701510527758419,3.52,5.28,150.23552180763303,2.009939676074883,1.555,1.452,56.49,1.071,0.066,0.667,1.948,91210.0,0.0388506868132957,27.591139839722683,0.1097692046359351,3.5,7.92,150.23552599590502,2.009939741459123,1.207,1.016,-47.65,1.188,0.158,0.238,1.645,236317.0,0.0423066199253083,27.106791637751744,0.0866061654705575,3.5,4.62,150.235525,2.009942,1.198,1.011,-12.54,1.186,0.157,0.019,1.306
4,27.36960080859972,0.0687683069745456,3.5,5.94,150.23000348949117,2.0157744914478504,2.037,1.82,-73.07,1.119,0.106,0.375,2.973,418844.0,0.0205766525536085,28.28,-1.0,5.47,4.62,150.22999777553153,2.0157742450574587,1.37,0.974,-1.09,1.406,0.289,0.911,1.679,91864.0,0.0317907625466177,27.04298096286072,0.1515777784512345,6.35,5.94,150.2299954531924,2.015770819900632,1.856,1.044,-0.95,1.779,0.438,0.025,3.551,237075.0,0.0315976730532925,27.39140235201014,0.1196784460883027,3.5,4.62,150.229996,2.01577,1.239,1.04,-55.07,1.192,0.161,0.096,1.461
4,26.678170583376268,0.0544359276743367,4.27,5.94,150.16514386922344,2.044761422188198,2.79,1.988,37.76,1.404,0.288,0.105,3.715,420112.0,0.0271313250675098,27.73331625557028,0.0728799948842041,3.5,5.28,150.16513818727032,2.04476637749123,2.194,1.355,44.15,1.619,0.383,0.001,2.47,93056.0,0.0118085014766089,27.284394877392863,0.13656471120359,4.72,7.26,150.16514502241918,2.044764493205363,1.896,0.933,65.66,2.031,0.508,0.0,2.343,238751.0,0.0059784278959538,26.648755121335626,0.1363258601074864,7.43,10.56,150.165144,2.044763,1.748,0.871,55.75,2.007,0.502,0.0,4.728
4,26.334758130631258,0.0620578810087749,6.46,10.56,150.1973198740711,2.0346047644698584,2.821,2.114,-33.85,1.334,0.25,0.099,5.191,420482.0,0.0037317890065932,27.49680036544364,0.058102157700958,3.5,5.94,150.19731883693964,2.0346047480252825,1.814,1.615,-42.54,1.123,0.11,0.099,2.342,93441.0,0.0203811243768936,27.45008048569585,0.1384820865536855,4.68,5.94,150.19731446968473,2.0346064618614887,1.225,1.162,75.5,1.054,0.052,0.0,1.654,239275.0,0.0324200212682151,27.06871600094849,0.0994022915204138,3.5,5.28,150.197312,2.034609,1.577,1.082,41.34,1.457,0.314,0.0,1.98
4,25.30522921390008,0.0363566277259096,11.53,6.6,150.2912224074048,2.004493178515637,2.315,1.839,-30.98,1.259,0.206,0.005,11.562,13236.0,0.0374663591026645,27.0286400992176,0.0647802457473632,4.35,5.94,150.2912317982732,2.0044976764969427,2.538,1.975,-79.87,1.285,0.222,0.002,2.901,94394.0,0.049772387779073,26.9722262077167,0.120802528906978,6.26,8.58,150.29123607683528,2.00449530554212,1.417,1.017,-34.81,1.393,0.282,0.097,2.907,240512.0,0.0235115587574015,26.393068171525226,0.1198443325530539,5.46,7.26,150.291219,2.004487,2.552,1.357,-35.85,1.88,0.468,0.0,3.912
4,27.00095145612261,0.0767710205106807,7.97,10.56,150.26699671483112,2.052337632294773,1.482,1.181,70.75,1.255,0.203,0.709,6.728,430352.0,0.0144386961935167,27.970790676594746,0.1069816524823269,4.82,5.94,150.26699272946874,2.052337159680474,1.599,1.351,53.07,1.183,0.155,0.097,2.326,101846.0,0.0332289994113746,26.95944960601565,0.102029800815434,4.27,5.28,150.2669990227909,2.0523286948355124,1.682,1.36,42.29,1.236,0.191,0.0,2.319,249975.0,0.03401996964352,27.042497202940616,0.1444220101991563,5.37,5.28,150.266998,2.052328,1.297,1.203,-21.02,1.078,0.073,0.0,1.944
4,26.479519587363537,0.072173765613039,7.71,10.56,150.23376185958185,2.0702738527649345,2.451,1.76,2.51,1.393,0.282,0.002,7.626,432089.0,0.0297338138384347,27.51736117949155,0.0666109166187668,3.5,6.6,150.2337575573899,2.070266800611547,2.445,1.497,-41.01,1.633,0.388,0.003,3.365,103252.0,0.0665612663701956,26.010927074970176,0.0981230272457818,6.83,5.94,150.23378018255025,2.070271291712684,3.14,1.506,-25.58,2.086,0.521,0.0,5.445,251729.0,0.0343404554407192,26.482183512000983,0.1276939272692713,6.39,3.5,150.233753,2.070278,1.621,1.518,-51.53,1.068,0.064,0.0,3.456
4,24.986988179049533,0.0111923334526124,3.5,3.96,150.3050874447741,2.0494196836951857,3.115,2.49,25.69,1.251,0.201,0.977,2.882,434270.0,0.0219319899342223,26.09795064470441,0.0283139490317504,4.24,5.28,150.30504346692186,2.0494372965407304,3.017,2.053,12.43,1.47,0.32,0.751,2.608,375345.0,0.0106326464201567,25.388773493033504,0.0225725338418385,3.54,3.5,150.30508470573943,2.049420792984187,1.706,1.47,-35.24,1.161,0.138,0.739,1.396,111800.0,0.0018979396355644,25.38865542531523,0.0257041027227277,3.5,3.5,150.305087,2.049419,1.579,1.324,12.5,1.193,0.162,0.051,1.291
4,26.033363733456696,0.0514861256209248,7.43,10.56,150.31293664358347,2.0683860735301587,2.771,1.941,85.42,1.428,0.3,0.002,8.915,25106.0,0.0407113220786166,27.21921353629616,0.0730835503180789,4.3,5.94,150.31292581185508,2.068382800426996,2.994,1.547,-83.58,1.936,0.483,0.0,3.46,108208.0,0.0109847590044159,26.11499878499309,0.0821223793805342,5.32,10.56,150.31293448844238,2.068388235007167,3.017,1.508,-81.27,2.001,0.5,0.003,4.616,256929.0,0.0266021158516056,26.559247219798053,0.0938173108949293,4.2,5.94,150.312933,2.068393,2.383,1.142,-87.74,2.087,0.521,0.001,2.201
4,24.581622370988807,0.0086965393465773,3.5,3.5,150.2673729109688,2.091634740931682,3.274,3.058,4.63,1.071,0.066,0.976,3.13,441260.0,0.0321610205029993,26.50583783742933,0.0279270746701281,3.5,4.62,150.2673304281932,2.091656242484232,2.155,1.951,57.56,1.105,0.095,0.078,2.396,109389.0,0.0261337645557322,27.311857711517504,0.0990395666245751,3.69,5.28,150.26737734928318,2.0916404877734127,1.41,1.049,35.22,1.344,0.256,0.012,1.595,258073.0,0.0240398232051593,26.71667108252484,0.1016467327702097,4.84,4.62,150.267376,2.09164,1.638,1.084,43.96,1.511,0.338,0.001,1.924
3,25.914346718051966,0.0367244850244316,5.29,9.24,150.01576037399167,2.066719780942185,2.672,2.458,-16.95,1.087,0.08,0.573,4.032,95714.0,0.0180870357373677,27.173480935618866,0.0560726461258377,4.27,5.94,150.01576459622336,2.0667225082660274,1.849,1.773,-86.74,1.043,0.041,0.084,2.427,247600.0,0.0099710832794342,27.152573164968786,0.080735847536053,3.5,4.62,150.01576271571037,2.066721262486878,1.255,1.123,1.97,1.117,0.105,0.009,1.45,417383.0,0.0133433972093956,27.00300305818953,0.134235334987593,5.38,6.6,150.015764,2.066721,1.497,0.976,-13.15,1.534,0.348,0.0,2.038
3,25.99138424985452,0.0556098650627479,6.44,10.56,150.05009570865062,2.065511777786239,4.534,1.933,-83.72,2.346,0.574,0.005,7.93,308309.0,0.0194164781283396,27.31662510372709,0.0671543778194184,4.19,5.94,150.05009635889238,2.06550642360918,2.422,1.565,-83.11,1.547,0.354,0.009,2.591,249098.0,0.0384892921223043,26.788714285494013,0.124001094992405,6.94,4.62,150.05009818692048,2.065501377128164,1.764,0.912,74.15,1.933,0.483,0.0,4.328,418759.0,0.0468520417217578,26.781135654001297,0.1535835848175859,7.42,10.56,150.050109,2.06551,1.808,0.837,-86.0,2.161,0.537,0.0,4.198
3,26.725367928307648,0.0725769395172342,7.66,10.56,150.01354819486068,2.095922767513276,1.717,1.604,21.14,1.071,0.066,0.527,6.062,103144.0,0.0213570930231155,27.68834826518537,0.0714121163850917,3.75,7.26,150.01354803291082,2.095928697831156,1.77,1.516,53.19,1.168,0.144,0.367,2.487,163174.0,0.0032093097075151,27.234644786132577,0.0910463359208765,4.1,5.28,150.0135473136861,2.095922628597926,1.17,1.02,36.57,1.148,0.129,0.169,1.286,336398.0,0.0190817657605866,26.869974324189947,0.0754408755871902,3.5,5.28,150.013546,2.095927,1.312,1.091,2.69,1.202,0.168,0.021,1.374
3,26.291736013711525,0.0365698048896328,4.16,5.28,150.0953289162128,2.091997331943221,2.367,2.186,75.28,1.083,0.077,0.897,3.122,318694.0,0.0074200626673577,27.274717043604195,0.0661393466586349,4.71,7.26,150.09532701073348,2.0919981207636527,1.986,1.586,79.74,1.252,0.201,0.207,2.601,256739.0,0.0203361984659456,27.50127621096463,0.1004793940555281,3.5,6.6,150.09532339554437,2.0919961181055613,1.226,0.969,-74.3,1.264,0.209,0.059,1.513,428347.0,0.0216344978407137,26.9740778082794,0.1442542206254323,6.12,10.56,150.095323,2.091997,1.374,1.007,-66.7,1.365,0.267,0.0,2.48
3,25.72402342322488,0.0261915898653218,4.07,7.26,150.12599846580187,2.1015765681318843,2.979,2.7,-16.39,1.103,0.094,0.197,3.8,323192.0,0.0233778235649993,26.704282559237573,0.0360429800663735,3.5,5.94,150.12599214156654,2.101575075553749,2.352,2.068,-52.29,1.137,0.121,0.016,2.647,260666.0,0.0282575100405469,26.596001289288168,0.0603087650549665,3.5,4.62,150.12599232449378,2.1015716745957937,1.821,1.209,61.51,1.506,0.336,0.192,1.679,434105.0,0.0353848588707417,26.01285180915957,0.0654649064766426,4.54,6.6,150.125992,2.101569,1.921,1.581,83.37,1.215,0.177,0.006,2.498
3,27.146116934965008,0.0915279005345902,6.19,9.9,150.03843803456783,2.1498880399988884,2.121,1.445,-14.43,1.468,0.319,0.672,4.358,118542.0,0.0267666653934318,28.123825462702005,0.1231493875404973,5.49,5.94,150.0384306412401,2.149888875224982,1.361,1.247,-25.97,1.091,0.084,0.848,1.942,263879.0,0.0334252898809611,27.17465404017424,0.1258598233111335,4.1,3.5,150.03842876434362,2.1498886656531013,1.973,1.205,61.92,1.637,0.389,0.096,1.822,352949.0,0.0063985574028811,25.25905861684264,0.084367670923377,7.52,10.56,150.038438,2.149886,3.495,2.117,-86.2,1.651,0.394,0.0,9.9
3,27.22726635874925,0.0753597328094783,3.5,5.28,150.04629644039363,2.154343335924912,3.172,1.763,-89.58,1.799,0.444,0.003,3.551,331872.0,0.0139321416692892,28.2113725409088,0.1010231151307318,3.5,0.0,150.04630005180823,2.154344733537016,1.677,1.398,26.93,1.2,0.167,0.26,1.746,267651.0,0.0524259327643445,27.66,-1.0,3.5,0.0,150.04630604538502,2.1543542880234576,2.217,0.967,-75.13,2.293,0.564,0.004,0.879,442004.0,0.0620521382711659,27.45,-1.0,3.5,4.62,150.046305,2.154358,2.038,0.784,89.26,2.598,0.615,0.0,1.223
3,27.3106848934207,0.0819411017395114,3.5,0.0,150.04246855125092,2.158182148816498,2.792,2.007,17.53,1.391,0.281,0.149,2.728,122954.0,0.0361776432084742,28.28,-1.0,3.5,0.0,150.04247409553244,2.15819053296089,2.535,2.095,76.71,1.21,0.174,0.023,1.476,181196.0,0.0588479236597585,26.56039311636829,0.0489284890687507,3.5,4.62,150.0424694710308,2.158165828031513,1.616,1.005,-7.53,1.608,0.378,0.018,1.161,443163.0,0.0190473581512483,27.158614874881795,0.2322851323747346,3.5,3.5,150.042474,2.158184,2.829,2.732,-27.19,1.036,0.035,0.002,2.125
3,25.92907249853679,0.0484821781624003,6.85,10.56,150.04488816507794,2.159759576327275,3.571,1.852,-14.02,1.928,0.481,0.011,10.186,124064.0,0.0331557937564238,26.99100848469573,0.0599937478370492,4.93,5.28,150.04489635325302,2.159763803862602,2.594,1.577,-7.34,1.645,0.392,0.212,2.812,182679.0,0.0358335854616075,26.26248367098391,0.0635391517607067,3.92,3.5,150.04489774526107,2.159762301772542,2.275,1.679,-15.65,1.355,0.262,0.012,2.148,444371.0,0.0253182105858654,26.19254922651896,0.1091058251215491,5.9,5.94,150.044894,2.159763,2.715,1.307,-22.35,2.077,0.519,0.019,2.956
3,26.38191645727585,0.0555520366411152,5.32,8.58,150.06326129826448,2.192861140248357,2.688,2.326,89.07,1.155,0.135,0.003,4.31,346043.0,0.0120414730284308,27.58430697198929,0.066455177974647,3.5,5.94,150.0632618465924,2.192857840578312,2.001,1.637,34.67,1.222,0.182,0.001,2.61,277642.0,0.0588839905439462,27.144194778850693,0.1478859935810646,7.15,10.56,150.06327181215815,2.1928486038876485,1.091,1.06,-33.12,1.029,0.029,0.0,2.952,454225.0,0.0240339422941672,26.803131752015936,0.1521741849243693,7.57,10.56,150.063268,2.192862,1.617,0.848,-88.99,1.906,0.475,0.0,4.042
4,25.50100887681968,0.0383569906275151,10.39,6.6,150.2912246297649,2.0044938420182694,2.136,1.782,-34.37,1.199,0.166,0.006,11.14,13236.0,0.0292527120632446,27.0286400992176,0.0647802457473632,4.35,5.94,150.2912317982732,2.0044976764969427,2.538,1.975,-79.87,1.285,0.222,0.002,2.901,94394.0,0.041519879593188,26.9722262077167,0.120802528906978,6.26,8.58,150.29123607683528,2.00449530554212,1.417,1.017,-34.81,1.393,0.282,0.097,2.907,103963.0,0.0263687897346016,26.56612538031132,0.1233986617241187,7.12,10.56,150.291231,2.00449,1.209,1.118,-44.62,1.081,0.075,0.0,3.751
5,26.65139209336747,0.0781893167140866,7.04,6.6,150.3266700691344,1.99454197407146,2.743,1.518,68.33,1.807,0.447,0.269,5.708,13750.0,0.0085018607505524,27.597961272965964,0.0796877278561358,4.11,5.94,150.3266696229835,1.9945442932258848,1.949,1.523,59.47,1.28,0.219,0.129,2.327,368571.0,0.0388385839127946,26.33038599478695,0.0623496534636904,4.48,5.28,150.3266681308117,1.9945525872280168,1.628,1.349,44.74,1.207,0.171,0.01,1.738,104421.0,0.0364683289014869,26.855534747078,0.1490847127907694,6.65,10.56,150.326668,1.994552,1.226,1.087,76.85,1.128,0.114,0.039,2.962
5,25.96126158376876,0.0374784017159063,4.99,8.58,150.31862498070916,1.9990917020290253,2.76,2.435,-75.62,1.133,0.118,0.704,3.877,13978.0,0.0103985835557864,27.136023845405138,0.0755979712780927,5.9,9.9,150.3186247541415,1.999088822422208,1.885,1.626,34.76,1.159,0.137,0.006,3.5,368733.0,0.0160808569845345,26.75575692480865,0.1240739313742243,5.57,7.26,150.31862536013188,1.999087251248044,2.011,1.272,-68.0,1.581,0.367,0.0,3.138,104570.0,0.0275104506740087,26.837240951217986,0.1602233681142555,5.65,7.92,150.31863,1.999086,1.782,1.254,27.49,1.42,0.296,0.0,2.873
5,26.78585508105363,0.0796427255117987,7.39,10.56,150.32813701675903,2.033753115867776,2.45,1.244,-40.69,1.969,0.492,0.016,6.534,19930.0,0.0374126490355587,27.90884303258897,0.1178780694147591,5.65,7.26,150.328129168323,2.033746298121907,1.78,1.091,73.62,1.631,0.387,0.692,2.56,373978.0,0.0476702887307091,26.625868120862947,0.1118598942145416,5.03,8.58,150.32814459295213,2.033742252284266,2.131,1.506,26.36,1.415,0.293,0.196,2.952,110355.0,0.0493957026588387,27.374527163549484,0.1237491889260435,3.5,5.94,150.328129,2.033742,1.31,1.004,-75.84,1.305,0.234,0.0,1.723
5,24.27377788603033,0.0073473712420054,3.5,3.5,150.39991595514732,2.02983500860216,3.618,3.289,-87.25,1.1,0.091,0.971,3.217,24041.0,0.0117307850980483,26.145828346892323,0.0258891377472266,4.14,5.94,150.39991656525314,2.0298318076030646,2.243,2.033,88.23,1.103,0.094,0.771,2.305,377086.0,0.0183132306928786,27.15393795428643,0.12504780351038,5.2,3.96,150.3999205056511,2.029832729007992,1.368,1.026,-2.61,1.333,0.25,0.146,2.094,113511.0,0.0336368539448178,26.790853444595754,0.0857826305430052,3.72,3.96,150.399921,2.029827,1.346,1.199,57.53,1.123,0.109,0.018,1.515
5,26.733947819947872,0.068296827134916,5.3,9.9,150.3519034741365,2.0792175939248816,2.435,1.965,54.13,1.24,0.193,0.022,4.288,30103.0,0.0129586213272985,27.790986038098264,0.0779697002575449,3.54,5.28,150.35190484349164,2.079220923275806,1.961,1.404,4.59,1.397,0.284,0.057,2.251,381485.0,0.0164748742015028,27.140987875408666,0.1530080404701137,5.41,5.94,150.35190699318045,2.0792205223452824,1.865,1.101,58.94,1.694,0.41,0.0,2.522,118011.0,0.0377279373443538,27.36407212459082,0.1344894765338769,3.5,6.6,150.351899,2.079227,1.518,1.005,30.79,1.511,0.338,0.0,2.12
5,23.906575007035705,0.0052790894303158,3.5,3.5,150.3647314034101,2.1129194014281136,3.55,3.408,-74.17,1.042,0.04,0.973,3.19,35883.0,0.0103258982877659,25.58547240254612,0.0170020527935217,3.99,3.96,150.36473394883973,2.112920726859904,2.556,2.274,60.55,1.124,0.11,0.33,2.489,386500.0,0.0183435261650997,26.42800081862388,0.0485886736993414,3.5,4.62,150.36473457323723,2.11292339256822,1.359,1.328,-61.92,1.023,0.023,0.187,1.428,123586.0,0.0406500293281325,26.21858477130015,0.0653756879278997,3.91,4.62,150.36473,2.112931,1.585,1.504,71.21,1.054,0.051,0.435,1.911
5,26.964350365998715,0.0832390630936404,7.73,10.56,150.43367762335083,2.08824976072158,1.873,1.165,-75.19,1.608,0.378,0.301,5.907,35984.0,0.0149871332754866,27.88484505207004,0.080900679736291,3.5,6.6,150.4336792521933,2.088245929046381,2.09,1.21,89.15,1.728,0.421,0.003,2.887,386569.0,0.0175146338179942,27.415111267304297,0.1214796899642759,3.5,5.94,150.4336771165036,2.088244921983617,1.546,1.137,-61.51,1.36,0.265,0.0,2.128,123671.0,0.05209067864541,26.49909416713244,0.1385308268596031,5.26,6.6,150.433663,2.088252,2.167,1.638,-23.97,1.323,0.244,0.0,3.394
5,25.96227220360593,0.0585704545644906,7.08,10.56,150.3769026796636,2.1127670380255097,3.837,2.136,-9.66,1.797,0.443,0.001,9.469,36577.0,0.0332250321555605,26.9021898211999,0.0860025372542109,5.83,7.26,150.37690492739387,2.1127759896877936,3.406,1.83,-14.28,1.861,0.463,0.0,4.965,387212.0,0.0510496442950226,26.96566889903056,0.1350549151015532,5.23,7.26,150.37688923304117,2.112771567865009,2.612,0.863,-13.45,3.025,0.669,0.0,3.023,124515.0,0.0594569992013093,26.82689872731989,0.1035039416892617,3.5,5.28,150.376889,2.112776,1.987,1.231,-25.31,1.614,0.38,0.0,2.329
6,26.27598621108848,0.0359937199502147,4.44,5.28,149.8185657813858,1.9745398069995577,2.274,2.057,25.25,1.105,0.095,0.974,2.923,212097.0,0.0037248635150438,27.52108139069714,0.0584527419734549,3.5,7.26,149.81856506040373,1.9745390644542025,1.798,1.503,74.01,1.196,0.164,0.915,2.24,53412.0,0.0135336684205754,27.400138369794178,0.0921734443928796,3.5,5.94,149.8185627063214,1.974541972163504,1.157,1.067,-52.31,1.084,0.077,0.196,1.362,141241.0,0.0201616415655172,27.45,-1.0,3.5,5.28,149.818562,1.974544,1.021,0.931,74.23,1.096,0.088,0.771,1.084
7,24.95911010226387,0.0112616544898417,3.5,3.96,149.9596376597786,1.924291754136546,3.111,2.671,-80.79,1.165,0.141,0.978,3.021,265266.0,0.0067512092609622,26.243601054992386,0.0261287521538043,4.04,5.28,149.95963605772536,1.924290777814813,2.2,2.045,-28.85,1.076,0.071,0.705,2.559,331249.0,0.0016628035877041,26.96630680003651,0.0664460461124478,3.62,5.28,149.95963806892362,1.9242919689186693,1.209,1.074,-39.0,1.126,0.112,0.485,1.373,191507.0,0.007083542349493,25.959045983609364,0.0383479383940474,3.66,4.62,149.959637,1.92429,1.396,1.318,53.1,1.059,0.055,0.011,1.405
7,26.72023739876198,0.0439394985604913,3.5,5.94,149.91165194896092,1.9443081699300253,2.316,2.147,-77.81,1.079,0.073,0.504,3.04,212794.0,0.0093187263123979,27.6242706365715,0.0639824147594951,3.5,5.94,149.91165183809846,1.9443107560927344,1.723,1.608,-16.11,1.072,0.067,0.051,2.385,212848.0,0.0112673219046555,26.860152756215417,0.1145182289706693,6.34,7.26,149.91165196234834,1.9443112997130667,1.44,1.099,38.1,1.311,0.237,0.422,2.268,141915.0,0.0426298262794405,27.45,-1.0,5.1,5.94,149.911645,1.944299,1.518,1.015,-49.64,1.496,0.331,0.003,2.366
7,24.813542220953305,0.0103293118359946,3.5,3.96,149.88244453723408,1.989569443130324,3.175,2.885,-2.86,1.101,0.091,0.978,3.006,220514.0,0.002514575020785,26.001452418735845,0.0179307961508389,3.5,3.96,149.88244392021804,1.9895697712196905,2.109,2.051,-22.99,1.028,0.027,0.973,2.202,219378.0,0.0112615753305227,25.35107382111048,0.0183576680841182,3.5,3.5,149.8824414665184,1.9895688366636453,1.492,1.445,-29.53,1.033,0.032,0.999,1.29,150044.0,0.0105946119198053,25.29174179486313,0.0199224055290568,3.5,3.5,149.882442,1.989569,1.366,1.318,85.89,1.036,0.035,0.992,1.154
7,26.96537067963173,0.0831333715255691,7.16,10.56,149.85171214756028,2.0033731337515834,1.696,1.587,-47.28,1.069,0.064,0.683,5.512,221325.0,0.0312236219701682,28.093920231305816,0.1163648618604924,5.22,8.58,149.8517044402005,2.003369147012214,1.383,1.26,-7.81,1.097,0.089,0.87,2.36,220077.0,0.0528736158281551,27.332573498385248,0.1006005657953108,3.5,5.28,149.8516975193682,2.003371723480338,1.51,1.136,43.16,1.329,0.248,0.006,1.686,150978.0,0.0776573329660807,27.45,-1.0,3.5,3.5,149.851702,2.003354,1.581,0.695,61.35,2.276,0.561,0.001,1.69
7,25.76372638805234,0.0205485590331095,3.5,4.62,149.92373707997004,1.9781522103299465,2.561,2.435,-58.52,1.052,0.049,0.977,2.959,221675.0,0.0186343311986358,27.284620803692256,0.0636562896425622,4.59,5.28,149.92373235014426,1.978154319472572,1.804,1.643,39.79,1.097,0.089,0.688,2.146,220341.0,0.0270455789108962,27.66,-1.0,3.58,4.62,149.92372956608,1.978152431238121,1.026,0.941,-8.04,1.09,0.082,0.001,1.327,151300.0,0.0133656962207351,27.408450266019592,0.1203332979581548,3.5,6.6,149.923735,1.978149,1.292,1.001,-41.93,1.291,0.225,0.001,1.652
7,22.94348880171321,0.002327408951612,3.5,3.5,149.90908081248304,1.9892685377808657,4.127,3.505,-87.82,1.177,0.151,0.988,3.262,223538.0,0.0373760513771546,24.26668573137496,0.0068427080529597,3.5,3.96,149.90907394684604,1.9892607460762808,4.565,3.398,-84.51,1.343,0.256,0.03,3.676,221707.0,0.016667466098591,24.66759866583812,0.017518555725118,3.67,5.94,149.90907804758453,1.98926482293574,2.919,2.164,80.3,1.349,0.259,0.021,2.541,153147.0,0.018479072835189,24.503175839675382,0.0170497426255441,3.5,3.5,149.909082,1.989263,3.042,1.869,-87.75,1.628,0.386,0.021,2.155
7,26.125060535663323,0.0458778779702821,4.21,5.94,149.89725833822072,1.994145197312926,4.206,2.658,-22.61,1.582,0.368,0.002,5.263,223985.0,0.0182775579221561,27.08718695541128,0.0606994989355458,3.5,5.28,149.89726160734335,1.994149083534283,3.773,1.761,-20.25,2.143,0.533,0.0,3.756,221915.0,0.0470248406326,26.78733641535224,0.1250539681597027,4.36,5.94,149.8972702120006,1.994150657332754,2.828,1.598,-9.74,1.77,0.435,0.0,3.324,153437.0,0.0488345350716277,26.888932788343546,0.1465638236193495,4.1,5.94,149.89727,1.994152,2.484,1.501,-51.59,1.654,0.396,0.0,3.525
7,26.32145138711908,0.0768943057228284,7.44,6.6,149.90039287014588,1.992972267286496,3.691,1.887,-43.72,1.956,0.489,0.025,9.626,223973.0,0.0081812811713326,27.51872596130004,0.0705471136403253,3.9,7.26,149.90039514406365,1.992972254526353,2.111,1.592,86.62,1.325,0.246,0.002,2.941,221919.0,0.0150954475492491,27.534913158493847,0.1212093960618045,3.5,5.94,149.9003918883001,1.9929681905350616,1.412,1.164,-46.93,1.212,0.175,0.0,1.946,153457.0,0.0191888050538688,27.45,-1.0,4.98,6.6,149.900398,1.992974,1.402,0.753,-58.6,1.861,0.463,0.0,1.923
7,26.1699695838162,0.0530783911752984,5.78,5.94,149.95082134568312,1.981432031289802,3.575,2.031,-37.39,1.76,0.432,0.003,5.133,225887.0,0.01882507435334,27.18833232355226,0.0752056130871106,5.25,5.28,149.95082485992307,1.9814359054712112,2.543,1.507,-47.61,1.687,0.407,0.006,2.935,223304.0,0.0357437650704039,26.98036482560652,0.1044513268581383,4.43,7.26,149.9508115529811,1.981433704361248,1.97,1.086,-51.08,1.815,0.449,0.0,2.812,154906.0,0.0380577792650238,26.99100670114668,0.1526194758122232,5.35,9.24,149.950831,1.981436,2.374,0.832,-39.64,2.854,0.65,0.0,3.09
7,26.134221634725744,0.0487023873425207,5.41,7.26,149.90553047440238,2.0189944102262087,3.225,2.326,41.73,1.387,0.279,0.115,5.095,230852.0,0.009351569449974,27.16449735484823,0.0520237095228397,3.5,5.28,149.90553288164406,2.018993430324128,2.555,1.647,24.97,1.552,0.356,0.008,2.402,226602.0,0.0118810043160302,26.620221865148235,0.0947787377360375,5.0,6.6,149.9055332404216,2.018992607318728,1.971,1.369,48.85,1.439,0.305,0.0,2.521,158103.0,0.0239151510349271,26.803978390080538,0.1320482914905094,5.11,6.6,149.905537,2.018994,1.831,1.255,41.77,1.459,0.315,0.0,2.456
7,26.56747303117219,0.0684530763812698,6.46,6.6,149.90116295733938,2.0268803938571263,2.627,1.765,-27.86,1.489,0.328,0.802,5.415,233030.0,0.0153242185546164,27.674352562006103,0.0824439767588902,4.05,7.26,149.90115869835327,2.026880452642163,2.235,1.414,-16.15,1.58,0.367,0.174,2.705,227892.0,0.0124153248439823,26.61495596048617,0.1177772249883787,6.66,6.6,149.90115974381146,2.0268791369970547,1.879,1.242,0.68,1.513,0.339,0.0,3.614,159445.0,0.041464729243311,27.287359726745336,0.1507177897291066,4.08,5.94,149.901174,2.026881,1.784,1.075,-9.97,1.66,0.398,0.0,2.401
7,26.4506252442391,0.0652270163051153,6.94,7.92,149.91351207930236,2.0770819298747947,2.543,1.778,66.7,1.431,0.301,0.002,6.864,245782.0,0.0272109338925899,27.393403322657782,0.0830761719972044,4.83,7.26,149.91351295951742,2.0770744226407136,2.216,1.685,-71.75,1.315,0.24,0.0,3.091,152968.0,0.0336714163383597,27.360267336513548,0.1392080701412347,4.86,8.58,149.91352136404274,2.077080751464542,1.292,1.175,4.74,1.099,0.09,0.0,2.448,173364.0,0.0256868395743611,26.992069306630817,0.1483906441245668,4.54,5.28,149.913516,2.077076,2.23,1.141,48.01,1.955,0.489,0.0,3.051
6,26.53360072328413,0.0681261384495994,6.28,10.56,149.76904855522295,1.9410278522280868,2.531,2.054,37.42,1.233,0.189,0.205,5.144,148218.0,0.0206653579085995,27.540661402673194,0.0966656992538428,5.64,5.94,149.76905360069927,1.9410251091815989,1.965,1.452,-56.3,1.353,0.261,0.135,2.811,43976.0,0.0121932946677977,27.16109476477149,0.1029106063416739,3.99,6.6,149.76904806741803,1.9410245004723563,1.545,1.165,-23.22,1.327,0.246,0.003,2.123,50692.0,0.0182785207627521,27.28152092412393,0.1042442946426276,3.55,6.6,149.769054,1.941027,1.183,0.994,-29.58,1.19,0.16,0.003,1.483
6,25.61315869723456,0.0218159560975984,3.5,5.94,149.75402724530608,1.9850258627344497,3.611,2.571,-26.14,1.405,0.288,0.812,3.519,157821.0,0.0303421444898913,27.06807135440158,0.0479662104008315,3.5,5.94,149.7540331258567,1.985031904099731,2.551,1.678,-0.6,1.52,0.342,0.174,2.727,50677.0,0.0342515357223305,27.23440959620272,0.1455337990165243,7.16,7.26,149.754036656779,1.9850272954420265,1.08,0.928,4.1,1.164,0.141,0.01,2.763,57609.0,0.058791568807993,27.45,-1.0,5.64,9.24,149.754043,1.985031,1.301,0.973,-38.16,1.337,0.252,0.001,2.429
6,24.82249482552731,0.0105756184360486,3.5,3.96,149.73184554264392,2.0257425435211505,3.212,2.981,80.47,1.077,0.072,0.977,3.194,164644.0,0.0176751261065461,25.86164110309722,0.0193956865078664,3.5,5.94,149.73184464836578,2.0257473712516894,2.908,2.236,83.86,1.3,0.231,0.026,3.018,56358.0,0.0102845975280072,25.24513841843812,0.020571580639654,3.58,5.28,149.731846005151,2.0257453627138124,2.09,1.51,79.35,1.384,0.277,0.03,1.807,64240.0,0.0065895742620529,24.89020338436708,0.0176000360628981,3.6,3.5,149.731846,2.025744,2.003,1.388,75.05,1.443,0.307,0.019,1.59
6,18.46739724891733,8.218809906532207e-05,3.5,3.5,149.7445050165131,2.027524787042282,9.17,7.569,79.39,1.212,0.175,0.999,3.497,165325.0,0.0119797115132008,19.71600715972388,0.0003933555285383,3.5,3.5,149.7445077818067,2.027522933317768,16.54,13.424,77.33,1.232,0.188,0.029,7.068,57192.0,0.0021885614414238,19.17833695373494,0.0002366544999124,3.5,3.5,149.74450506405637,2.0275253931164454,6.546,4.668,79.62,1.402,0.287,0.911,1.632,65476.0,0.0101508463356779,19.559609002972103,0.0005346179720986,3.5,3.5,149.744502,2.027524,7.258,6.827,-1.55,1.063,0.059,0.212,2.42
6,24.953387588975087,0.0220025274104295,4.49,6.6,149.78514823812387,2.016309608957007,6.952,2.826,39.69,2.461,0.594,0.012,7.015,167141.0,0.0032867518885782,25.991329378801577,0.0328136467013754,4.01,6.6,149.78514874050873,2.016308846417511,5.225,2.158,42.93,2.421,0.587,0.001,4.973,58646.0,0.0257052700326962,26.43396756016308,0.0972230837211341,5.49,5.28,149.78514847437015,2.016316745405333,2.861,1.146,38.12,2.497,0.6,0.0,3.595,67135.0,0.0347778582636053,25.8505015118741,0.1057909282563703,5.5,5.28,149.785153,2.016301,5.704,1.267,43.87,4.503,0.778,0.0,7.147
6,26.13232946599668,0.0524863990071823,6.06,5.28,149.70676666059552,2.085458844989515,3.191,2.168,7.9,1.472,0.321,0.021,4.978,177101.0,0.0405526465414763,27.205796368000183,0.0801717367078368,4.99,7.26,149.70677034127235,2.0854481978155834,3.02,1.529,-1.08,1.975,0.494,0.002,3.611,66023.0,0.0296734118152354,27.07208489491542,0.1480852976662669,6.11,4.62,149.70677257630953,2.085453101178738,1.832,1.044,8.53,1.754,0.43,0.004,3.097,75656.0,0.0373051082103256,26.68990812517072,0.145743300119586,5.53,5.28,149.706769,2.085449,2.258,1.311,41.48,1.722,0.419,0.0,3.405
6,26.235871056015164,0.0348174519046852,3.88,7.26,149.73560260958251,2.111363896091524,2.506,2.472,47.24,1.014,0.014,0.944,3.473,186299.0,0.004785548340275,27.6135624850316,0.1015427055020536,6.45,8.58,149.73560231936392,2.1113625987957017,1.531,1.359,21.07,1.127,0.112,0.226,3.332,72894.0,0.0127666157559252,27.66,-1.0,3.5,5.94,149.73560497484155,2.1113612523706045,1.575,0.914,35.32,1.724,0.42,0.0,2.036,83956.0,0.0750182237472914,27.45,-1.0,5.9,5.94,149.735617,2.111378,1.291,0.874,70.74,1.477,0.323,0.0,2.5
1,25.9637182211128,0.031429243148266,4.18,7.92,149.81132259394627,2.211093461951296,2.813,2.41,-31.02,1.167,0.143,0.955,3.454,377741.0,0.0204482095786555,27.21661085284573,0.0703478489166004,5.18,6.6,149.81132457532223,2.211098785770822,2.103,1.544,0.69,1.362,0.266,0.25,2.728,298511.0,0.0218807399652669,27.66,-1.0,4.03,5.28,149.8113254780306,2.2110988132427574,1.169,0.905,70.21,1.292,0.226,0.153,1.446,22120.0,0.0297552250880037,27.422111607546007,0.1431900991572716,3.5,6.6,149.81132,2.211101,1.606,1.059,38.21,1.516,0.34,0.0,2.197
1,25.351645198785675,0.0152554526554351,3.5,4.62,149.82711699090214,2.2238503300289207,2.786,2.557,-22.6,1.09,0.082,0.977,2.958,382696.0,0.0074152137733251,27.14374585329784,0.0452926772004054,3.5,4.62,149.82711653641985,2.2238483209353146,2.034,1.654,71.3,1.23,0.187,0.027,2.249,301838.0,0.0089054790145259,27.58074063873241,0.1411278260534212,4.46,5.28,149.8271193334659,2.223849529986354,1.123,1.056,23.41,1.063,0.06,0.254,1.343,27200.0,0.0008932595251911,27.189895991462947,0.1057020221502179,3.5,6.6,149.827117,2.22385,1.46,0.997,51.71,1.465,0.317,0.0,1.637
1,26.61303427729776,0.0448737588624362,3.5,5.28,149.89840621091304,2.212485280420894,3.011,2.025,64.13,1.487,0.327,0.338,3.199,385795.0,0.0134192013405806,27.693300319453915,0.0971519959556965,5.12,5.28,149.89840411339534,2.212482197946272,1.642,1.551,-34.49,1.058,0.055,0.082,2.172,304078.0,0.0299289067110733,27.3323298909869,0.158223511954438,4.76,6.6,149.89839943937235,2.212480450278514,1.664,1.235,64.4,1.348,0.258,0.0,2.168,29374.0,0.0174378512136211,27.45,-1.0,4.36,4.62,149.898405,2.212481,1.154,0.903,89.22,1.278,0.217,0.0,1.619
1,25.574586886719665,0.0184582759122166,3.58,4.62,149.78091412933978,2.26705539987957,2.74,2.41,-33.73,1.137,0.12,0.972,3.018,388171.0,0.0229982371577759,26.69310952314732,0.0351686082497514,3.84,3.96,149.7809205053708,2.267055870503557,2.033,1.859,-13.09,1.094,0.086,0.406,2.305,305724.0,0.0264734749085787,26.861600628068604,0.1039653121060216,5.82,3.96,149.78091560763576,2.267062603739448,1.267,1.108,61.19,1.143,0.125,0.103,1.955,30931.0,0.0127551161785285,26.692408272491555,0.0990710667584537,5.01,5.28,149.780916,2.267059,1.372,1.164,-8.78,1.179,0.152,0.01,1.562
1,26.361708741981964,0.0441291678379199,3.88,8.58,149.78599065810155,2.2676709374681274,2.932,2.598,6.0,1.128,0.114,0.145,4.064,389002.0,0.0051587107848675,27.40688980543201,0.0790289308261209,5.53,4.62,149.78599062493316,2.2676723700600285,1.901,1.338,12.48,1.421,0.296,0.343,2.552,306240.0,0.0101750457397328,27.385633786558536,0.1060070223387467,3.5,5.28,149.78599055927182,2.267673762144029,1.741,0.89,11.08,1.956,0.489,0.142,1.684,31468.0,0.0224978075597181,27.018632712839405,0.1422300643674587,5.05,6.6,149.78599,2.267665,1.815,0.959,14.34,1.892,0.471,0.007,2.276
1,25.034930825144528,0.0166207661066094,4.2,4.62,149.84032427464476,2.248080137906177,3.402,3.117,53.15,1.091,0.084,0.075,4.061,389020.0,0.0238151866404111,26.001698967607084,0.023019132881458,3.5,5.28,149.84032039355375,2.248085497280768,3.235,2.166,17.49,1.494,0.331,0.012,3.413,306258.0,0.0206053827178795,26.058115648088705,0.0584637286233132,4.32,5.28,149.84031857616284,2.24808071946522,2.309,1.535,24.74,1.504,0.335,0.01,2.637,31482.0,0.0275249631017566,25.82161644055399,0.0652079302479489,4.72,5.28,149.840317,2.248082,2.589,1.457,22.16,1.777,0.437,0.048,3.089
1,26.376842483568527,0.0675589353200278,6.38,10.56,149.79903336183995,2.271054498101782,3.212,1.994,-17.75,1.611,0.379,0.308,5.759,391420.0,0.0291688105768682,27.32060355528681,0.0522538909174711,3.5,5.94,149.79902558113022,2.2710522165946623,1.885,1.684,23.56,1.12,0.107,0.16,2.271,307759.0,0.0404594166196771,26.02780552116226,0.0368584272150061,3.5,5.94,149.7990227480031,2.271058217288296,1.719,1.327,-36.71,1.296,0.228,0.163,1.625,33327.0,0.0458251268034743,26.99973385003081,0.089508010952604,3.5,5.94,149.799025,2.271064,1.293,1.16,-6.9,1.115,0.103,0.331,1.566
1,25.29677205274366,0.0169365614131034,4.22,3.96,149.815995156816,2.3072926267073104,2.783,2.435,-28.68,1.143,0.125,0.976,3.046,400229.0,0.0053435732559523,26.99215492781891,0.0389261666569926,3.5,4.62,149.8159953466271,2.307294098866791,1.876,1.75,-70.81,1.072,0.067,0.677,2.106,314721.0,0.0264647984728654,27.30418173543993,0.081982196471693,3.5,5.28,149.81599007090645,2.307297938726106,1.152,0.952,-85.31,1.21,0.173,0.993,1.091,41558.0,0.0166770100387892,27.331318638232915,0.1326822437243368,4.3,4.62,149.816,2.307294,1.083,1.073,-63.2,1.01,0.01,0.355,1.171
1,25.00218991447884,0.016373269656511,3.83,5.94,149.87990090737622,2.2962538930635783,3.84,3.395,81.1,1.131,0.116,0.014,4.541,402731.0,0.0150190456107647,26.19663930554356,0.0290792927585927,3.5,5.94,149.87990475364305,2.2962522697316845,2.901,2.703,71.59,1.073,0.068,0.01,3.728,317561.0,0.0319824673418361,26.040121621995027,0.051494124495889,3.5,5.28,149.87990694263098,2.296247369264,2.298,1.864,-67.84,1.233,0.189,0.001,2.848,45835.0,0.0487916048005698,25.997137032387624,0.0730961131759957,4.15,6.6,149.879914,2.29625,2.485,1.784,-79.91,1.393,0.282,0.007,3.241
1,26.73746825491273,0.0715481586335687,5.85,8.58,149.9102376546943,2.283305368933558,2.213,1.98,84.8,1.118,0.105,0.342,4.198,402851.0,0.0198144287744371,27.67220235272727,0.0907206828030019,4.42,5.28,149.9102408143006,2.283300860404097,2.044,1.542,37.32,1.326,0.246,0.003,2.366,317472.0,0.0082891526901905,26.97221597555195,0.1373122627635568,5.9,5.94,149.91023920259133,2.283303663202205,1.877,1.041,20.93,1.803,0.445,0.001,3.152,45006.0,0.0228845896980605,27.078436813337536,0.1666877815312381,5.91,5.94,149.910234,2.2833,1.64,0.945,-33.73,1.735,0.424,0.0,2.808
2,26.51701400951768,0.0584888514997273,5.49,5.94,149.9014610740619,2.101526018792909,2.447,2.132,-74.57,1.148,0.129,0.203,3.788,94333.0,0.0145385505765062,27.50600957197093,0.0637966896966372,3.76,5.94,149.90145810056632,2.101528753675888,1.827,1.655,-73.86,1.104,0.094,0.024,2.407,157164.0,0.0255542791089274,27.17355547088883,0.0803207522342951,3.5,6.6,149.9014547680284,2.1015292860321586,1.215,1.173,78.33,1.036,0.034,0.01,1.53,330105.0,0.0259284337913943,26.750028671191675,0.1482238952975711,5.2,5.94,149.901465,2.101532,2.558,1.186,-44.03,2.157,0.536,0.0,2.664
2,26.087957990430525,0.0373910024256714,5.15,5.28,150.01162905434649,2.110518328055137,2.433,2.201,-4.34,1.105,0.095,0.769,3.348,106483.0,0.0096767186604553,27.29937332062868,0.0482170195973372,3.5,5.94,150.0116316104302,2.110519165025707,1.827,1.631,-63.92,1.12,0.107,0.41,2.189,166314.0,0.0065145458385225,27.35130258487662,0.0910363230948029,3.5,5.28,150.01162785354038,2.110519682550696,1.274,1.044,-67.16,1.221,0.181,0.025,1.497,340478.0,0.0041411666506605,27.30874592529269,0.1065465064761211,3.5,5.28,150.01163,2.110519,1.256,1.021,-67.42,1.23,0.187,0.001,1.467
2,25.55765281371888,0.0336626154859861,5.63,10.56,149.9359593440372,2.155951195539998,3.798,2.535,60.53,1.498,0.332,0.022,5.6,109915.0,0.0200204632590953,26.54362656521091,0.0392103405171747,3.99,5.28,149.93595973457695,2.155956743069412,3.155,1.89,44.28,1.669,0.401,0.008,3.504,169118.0,0.0284488078525298,26.24379481095771,0.0779562696210848,5.38,5.94,149.93595871031994,2.1559590725720192,2.545,1.211,43.13,2.102,0.524,0.007,3.143,343487.0,0.0720098896480089,26.497522970490973,0.1078080858383522,5.66,6.6,149.935953,2.15597,1.993,1.101,43.38,1.811,0.448,0.0,2.759
2,25.274180486217123,0.0364172473387136,7.11,10.56,149.97769459053512,2.2218492408047568,3.63,3.279,37.28,1.107,0.097,0.001,11.203,134539.0,0.0317801220719718,26.51328286976747,0.0517536944322773,5.3,5.28,149.97770278070615,2.2218525502124207,2.619,2.385,-72.91,1.098,0.089,0.006,3.945,190941.0,0.0128234717930844,26.672977590942857,0.0917035782038422,4.7,5.94,149.9776974288429,2.221851395914771,1.95,1.31,-30.27,1.488,0.328,0.038,2.713,367262.0,0.0482702676362646,25.948666430844263,0.1017347015648088,5.65,7.26,149.977701,2.221861,2.744,1.948,63.64,1.408,0.29,0.0,4.292
9,23.84513584979713,0.0047968616635982,3.5,3.5,150.1519028383746,1.7893955890885958,3.551,3.32,0.78,1.07,0.065,0.98,3.093,38342.0,0.0051139985109644,25.347278537894763,0.011625860827741,3.5,5.28,150.1519015810317,1.7893962513628354,2.783,2.163,-35.39,1.287,0.223,0.253,2.563,1180.0,0.0337750291441107,25.544936660661907,0.0314705923161302,3.81,4.62,150.1518935887351,1.7893939926477027,2.409,1.526,-65.32,1.579,0.367,0.015,2.219,275816.0,0.0182082712660273,25.30980536676714,0.0307325871142114,3.96,3.96,150.151898,1.789396,2.183,1.463,-41.71,1.492,0.33,0.012,1.96
9,26.23006270469949,0.0455137663024509,5.22,5.94,150.1608623617695,1.812694136098732,2.856,2.055,67.25,1.389,0.28,0.188,3.869,44687.0,0.0141123475782307,27.35449836018476,0.0716102790337106,4.58,5.28,150.16086198070127,1.8126902345491336,2.139,1.547,59.38,1.383,0.277,0.0,3.175,6071.0,0.0138505054864341,26.80484472561649,0.1240893893303064,6.46,7.26,150.1608662091785,1.8126942563259347,1.781,1.1,85.83,1.619,0.382,0.0,3.402,281069.0,0.012707025649929,27.45,-1.0,5.14,8.58,150.160865,1.812691,1.755,0.746,82.69,2.352,0.575,0.0,2.281
9,25.98101181694216,0.0256624761918324,4.08,4.62,150.12125362292264,1.871542202799844,2.325,2.079,-80.03,1.118,0.106,0.975,2.736,55324.0,0.0017801897150236,26.91199287608593,0.0355409851068641,3.5,4.62,150.12125342403186,1.8715426555824373,1.827,1.764,-89.23,1.036,0.034,0.864,2.085,14231.0,0.0105569976808451,25.926690366654288,0.0328234178041381,3.5,5.94,150.12125279382266,1.871545015783828,1.822,1.295,69.01,1.406,0.289,0.984,1.434,290855.0,0.0045068606856107,26.065021925719662,0.040882382632867,3.64,4.62,150.121254,1.871543,1.354,1.216,86.63,1.113,0.102,0.012,1.326
9,26.15073558181357,0.0537202817175007,5.81,6.6,150.2224958157061,1.856369111926568,3.197,2.403,-21.45,1.331,0.249,0.052,5.426,59684.0,0.0379028340724113,27.05548671957719,0.0523662295024871,3.5,5.28,150.22250512543866,1.856374038437724,2.923,1.836,-27.03,1.592,0.372,0.0,3.247,18092.0,0.0437490242603598,26.65628589251084,0.1193894854368932,6.04,6.6,150.2224856976272,1.856375851016284,2.036,1.346,-2.75,1.512,0.339,0.0,3.498,295476.0,0.0739218930402969,26.24266172194678,0.1466106534165785,5.6,3.96,150.222513,1.856381,3.21,2.045,-44.8,1.57,0.363,0.0,4.394
9,26.9826355329396,0.0815790342118062,5.38,5.94,150.13882173108632,1.9077225695972464,2.57,1.721,-56.35,1.493,0.33,0.246,3.367,65530.0,0.0201833610640001,28.17798312386552,0.1360479314088827,6.81,6.6,150.13881869622352,1.9077178544582407,1.308,0.919,-58.16,1.423,0.297,0.787,2.41,22837.0,0.0301435673033754,27.563983543703777,0.1152820420475252,3.5,3.5,150.13882371602057,1.90771443478928,1.404,1.053,29.86,1.334,0.25,0.0,1.941,301728.0,0.0212048563920643,27.434302735242177,0.1552179977853686,4.7,3.5,150.138826,1.907727,1.1,1.034,-17.6,1.064,0.06,0.003,1.983
9,26.600904253369084,0.0769420352407385,6.77,8.58,150.11275156316628,1.95142738542814,2.852,1.763,-68.73,1.618,0.382,0.005,6.717,283693.0,0.0365100564086935,27.568603558950503,0.0991157855921692,6.21,9.9,150.1127424507762,1.9514229228782,1.767,1.352,-23.59,1.307,0.235,0.002,3.525,28154.0,0.0201758084917778,27.66,-1.0,4.53,5.94,150.11274638193476,1.951429529062808,1.218,0.846,39.84,1.439,0.305,0.289,1.335,307274.0,0.0365467463136123,27.32563100377441,0.2277302146225395,6.79,6.6,150.112742,1.951424,1.949,0.775,-29.44,2.515,0.602,0.0,2.912
9,26.034069709790742,0.0524103963741006,6.47,10.56,150.1423007888415,1.94885963435406,3.451,2.105,66.06,1.639,0.39,0.425,6.968,75324.0,0.0181429847648938,27.474375050155487,0.0586817808425407,3.5,6.6,150.14230036491213,1.948864656231114,1.962,1.615,-89.51,1.215,0.177,0.167,2.428,29682.0,0.0458581549716768,27.184410519313406,0.158425167619631,5.37,6.6,150.14229745957647,1.948871930493532,1.76,1.308,-83.71,1.346,0.257,0.0,2.382,309199.0,0.0407095552110176,27.201649951165205,0.1647033469566351,4.77,4.62,150.142307,1.948869,2.065,0.952,-50.8,2.169,0.539,0.0,2.971
9,27.00238931134413,0.0861061749205578,7.67,10.56,150.1385623250893,1.9634523896187448,1.784,1.31,79.36,1.362,0.266,0.708,5.17,78094.0,0.0251750786076781,27.96708727348276,0.0798931744903719,3.5,6.6,150.13855639696314,1.963448674554159,1.889,1.224,11.9,1.544,0.352,0.212,2.419,32233.0,0.0365514511745276,27.66,-1.0,3.5,6.6,150.13855217826705,1.963451889677953,1.129,1.092,-70.64,1.034,0.033,0.0,1.782,312587.0,0.0383428825940819,27.45,-1.0,5.54,7.26,150.138556,1.963443,1.227,0.918,-3.89,1.336,0.252,0.0,1.937
9,26.5012333054477,0.0526851834526341,4.89,5.94,150.2212260769115,1.944873111694673,2.681,2.029,-36.35,1.321,0.243,0.31,3.443,80112.0,0.0083796762282005,27.48729375470068,0.0785107189039152,4.92,8.58,150.22122387747743,1.9448738773265573,1.75,1.581,-73.47,1.107,0.097,0.096,2.686,33789.0,0.0113956900397104,27.49304887716356,0.106009421236276,3.5,5.28,150.22122701164116,1.9448700872139444,1.453,0.942,-53.36,1.542,0.352,0.209,1.7,314111.0,0.0135148613928717,26.885084744531586,0.1440996790315636,6.58,4.62,150.221229,1.94487,1.315,1.07,-65.69,1.229,0.186,0.0,2.355
9,25.790441683929387,0.0311930283327369,4.27,6.6,150.1664620105051,1.9742241269791363,3.614,2.579,36.96,1.401,0.286,0.108,4.657,81959.0,0.0090696936039282,26.9391671283859,0.0454112176317389,3.5,5.28,150.16646447074777,1.9742235778336,2.745,1.805,72.19,1.521,0.342,0.071,3.023,35382.0,0.0423194980107711,27.624348771231887,0.106500361997079,3.5,4.62,150.16646571805668,1.9742352831515468,1.188,0.955,52.53,1.244,0.196,0.013,1.371,315925.0,0.0335108120319591,26.5463852891241,0.1079271305350285,6.75,4.62,150.16646,1.974233,1.438,0.958,75.39,1.501,0.334,0.0,3.191