Teff,log_g,[M/H],F115W,F150W,F277W,F444W
250,2.5,-1.0,31.756421142047632,29.87376855870039,28.587717251635606,20.49692610771297
250,2.5,-0.5,30.52449238221895,29.80433131329486,28.807720157017584,20.898473417046034
250,2.5,0.0,29.55934554026697,29.99533786932541,28.880833427745376,21.91093194719933
250,2.5,0.3,29.410039355691254,30.45428609330684,29.013355515556437,22.581990741569502
250,3.0,-1.0,32.16251029363431,30.011345460102255,29.0838233017714,20.463941775637053
250,3.0,-0.5,31.16679050969485,30.061861783482442,29.62418945951547,20.746076644013343
250,3.0,0.0,30.25682323441501,30.3809324465499,29.7305500462541,21.547549713844816
250,3.0,0.3,29.82832314271059,30.661818499548062,29.695469739299615,22.24866913244861
250,3.5,-1.0,32.36203162825268,30.060916622408726,29.27788622446635,20.397854877213234
250,3.5,-0.5,31.78775631705316,30.234887881732597,30.1900622192261,20.695833996327764
250,3.5,0.0,31.128155485190177,30.78623197749224,30.334669994738075,21.24852020819892
250,3.5,0.3,30.505657264644558,30.98125213728879,30.239134490587247,21.729892347757414
250,4.0,-1.0,32.36306751706223,30.215135213113363,29.20944368368499,20.318306697803852
250,4.0,-0.5,32.317412353410845,30.330875787958608,30.25493715333452,20.64853430690459
250,4.0,0.0,31.809056150881805,30.93697028708549,30.622442374349447,21.06723684182191
250,4.0,0.3,31.59622593675089,31.512757729300006,30.6715983614109,21.409546228947043
250,4.5,-1.0,32.361203804004234,30.60171060028459,28.82261082891823,20.31555949355485
250,4.5,-0.5,32.74983603714049,30.530952314372342,29.901150145889247,20.645423174583772
250,4.5,0.0,32.45187955548434,30.94318307473108,30.63894248129305,20.94860948062224
250,4.5,0.3,32.34657194622194,31.599794866229487,30.853938793007746,21.159951997153755
250,5.0,-1.0,32.21051077784682,31.075498434833392,28.276765078715165,20.220252052883648
250,5.0,-0.5,32.97524427630543,30.988977870301213,29.474076191762293,20.56651867638323
250,5.0,0.0,33.1082556849217,30.959036771632764,30.432291532629947,20.820287766522117
250,5.0,0.3,32.78408079575436,31.239015783635153,30.81393112478242,20.97686465659901
250,5.5,-1.0,32.08676515462521,31.5471538295505,27.73005936822384,20.08928726273765
250,5.5,-0.5,32.76974303194451,31.48849017342534,28.97929494065285,20.44453050876202
250,5.5,0.0,33.632538890201225,31.094686100596242,30.111714309149807,20.663881116420622
250,5.5,0.3,33.3387793404702,30.975970872505467,30.597730568659934,20.79868277622245
275,2.5,-1.0,29.754949580606358,28.313300848502422,27.231027188971552,20.09642265124509
275,2.5,-0.5,28.53441114194263,28.151053423717624,27.33534856944185,20.519072741932693
275,2.5,0.0,27.776158404123777,28.365555517929636,27.424795997896606,21.497290584458817
275,2.5,0.3,27.73936633480716,28.81779753489942,27.586624887845996,22.038709234595196
275,3.0,-1.0,30.25075589687209,28.570777891145347,27.798272658652216,20.059030505165076
275,3.0,-0.5,29.334931145555913,28.590739553039445,28.166106951371262,20.3949151647428
275,3.0,0.0,28.17991444150813,28.579118845125624,28.090729721979418,21.158253778078702
275,3.0,0.3,27.967331752496882,28.952315128400222,28.069196602810564,21.814850717088415
275,3.5,-1.0,30.525506027683672,28.666448844894276,28.045393085581726,19.973574092070198
275,3.5,-0.5,29.890069217337413,28.792827343302093,28.657444469660525,20.28073443185653
275,3.5,0.0,28.934998408949436,28.97032109421618,28.647541223063563,20.79542193773086
275,3.5,0.3,28.66203594324153,29.34499851057167,28.53766683777513,21.37824656610089
275,4.0,-1.0,30.82760902682334,28.844779588200026,27.97914355229882,19.93684019280923
275,4.0,-0.5,30.43895433794852,28.957474492311515,28.779055330051705,20.231668291469017
275,4.0,0.0,29.754872369430675,29.30655443521735,28.95234562478171,20.58272862003409
275,4.0,0.3,29.44449486795602,29.711489735137192,28.96841153524095,20.917508799993975
275,4.5,-1.0,31.175126617056435,29.185908865050926,27.624580739762578,19.882464665327554
275,4.5,-0.5,30.96010967141892,29.176271351717176,28.549102153676063,20.18018730035361
275,4.5,0.0,30.627045274437226,29.591360047550133,29.084080920695715,20.43768198290423
275,4.5,0.3,30.476273750177903,30.08333810786261,29.20123592272496,20.61749381146047
275,5.0,-1.0,31.468465113546475,29.642091408810927,27.15500206339516,19.808277491963153
275,5.0,-0.5,31.474873494566733,29.589754099703818,28.20930783041598,20.09619904307184
275,5.0,0.0,31.236228257392717,29.588669603353406,29.02153311591707,20.29782033386262
275,5.0,0.3,30.840353629748524,29.77917284292577,29.249770011153878,20.41383975310918
275,5.5,-1.0,31.527590071766557,30.037505360105964,26.683641739066715,19.672228894678593
275,5.5,-0.5,31.804786493840133,29.985907333315,27.786788898747513,19.969399503011
275,5.5,0.0,31.79972311604658,29.605944424685717,28.763647347489556,20.146342144117952
275,5.5,0.3,31.32007259348957,29.49128185102008,29.13190233743937,20.24851266227597
300,2.5,-1.0,28.03415564706325,26.979424686943197,26.102229249763795,19.739031522393084
300,2.5,-0.5,26.869424970747296,26.73071701770565,26.102171775164663,20.264230897493306
300,2.5,0.0,26.374430940412893,27.037173161169488,26.259184124729362,21.098106045356566
300,2.5,0.3,26.135409966875848,27.239802765786955,26.264846619072802,21.371793040395435
300,3.0,-1.0,28.504438296491266,27.24564240365968,26.63594019991107,19.65250297462775
300,3.0,-0.5,27.479226642518068,27.118414567278016,26.826124072793842,20.019841157563604
300,3.0,0.0,26.665916569911037,27.234623097182414,26.769304643064014,20.86086179840564
300,3.0,0.3,26.6175272375162,27.672748255424185,26.80175836431395,21.42864231096982
300,3.5,-1.0,28.9764905107276,27.488375081483692,26.97918088752692,19.622584888025006
300,3.5,-0.5,28.208489502960372,27.53507835078897,27.415854903682593,19.91855338952328
300,3.5,0.0,27.431545327123654,27.699249967990568,27.226674272412655,20.456702503619233
300,3.5,0.3,26.96376194916865,27.84338844154736,27.1703444197166,21.009993793802735
300,4.0,-1.0,29.362666827351656,27.67325168208361,26.947984111606303,19.546865352453718
300,4.0,-0.5,28.85644430554775,27.808504780272724,27.495808694168527,19.856779659344404
300,4.0,0.0,28.193883727483446,28.064171649742782,27.572347749042713,20.1846015584853
300,4.0,0.3,27.832169997743726,28.345074173268063,27.532095929145814,20.507306150883498
300,4.5,-1.0,29.892557472730182,28.00431713915469,26.639085775975143,19.50785319555418
300,4.5,-0.5,29.406402838401647,28.01596753309955,27.386348690563793,19.775981497356376
300,4.5,0.0,29.03824940873679,28.38654372790924,27.757282181773668,19.98743592035505
300,4.5,0.3,28.499234620202497,28.548207994412877,27.800171546040247,20.143745643871192
300,5.0,-1.0,30.486904230167376,28.435317396870555,26.23123899586609,19.418959010868413
300,5.0,-0.5,30.106037078068248,28.393466142184423,27.142262491245347,19.679166647911618
300,5.0,0.0,29.55673923381896,28.347443183898775,27.758389164735643,19.834810804248406
300,5.0,0.3,29.161171656424017,28.482315661845576,27.91701364405371,19.927692988357425
300,5.5,-1.0,30.91384148628288,28.762435960630455,25.817038221349865,19.288824683795273
300,5.5,-0.5,30.716244776953726,28.70740267795583,26.790378417702428,19.55229350345133
300,5.5,0.0,30.18450354945206,28.354690357958216,27.60760639727732,19.691887961699614
300,5.5,0.3,29.593461470688432,28.22423239264871,27.89065304519569,19.77774545993515
350,2.5,-1.0,25.265216975946213,24.795017086524055,24.290379260552214,19.1400476730468
350,2.5,-0.5,24.301061383973863,24.563966798742598,24.23527860334505,19.614313110623392
350,2.5,0.0,24.031694750487354,24.81151391727542,24.367484934463796,20.15675064357596
350,2.5,0.3,23.778519477868684,24.923598531802767,24.362050868568428,20.236015558680105
350,3.0,-1.0,25.800856513868332,25.170238197133358,24.83982049924956,19.040134519800088
350,3.0,-0.5,24.78921977708357,24.933560630946904,24.830706743156373,19.485164948694674
350,3.0,0.0,24.1538351275236,24.942892829831855,24.714816255907635,20.180231638491847
350,3.0,0.3,24.112248966460417,25.247257801028972,24.750563725340196,20.468374615907322
350,3.5,-1.0,26.315613741158792,25.461194489205145,25.19268781931003,18.96014162449311
350,3.5,-0.5,25.559905192858942,25.442033835689266,25.22207804234395,19.344091531195755
350,3.5,0.0,24.70556778978231,25.376333587432907,25.055002646355746,19.895550366968457
350,3.5,0.3,24.657494269048215,25.734448206914674,24.990325393419187,20.30563580671871
350,4.0,-1.0,26.885016914614837,25.731287382933914,25.203564322383478,18.90484129362824
350,4.0,-0.5,26.301618211029634,25.863468003860856,25.40316410901804,19.22935668180942
350,4.0,0.0,25.379904575635706,25.808287801418494,25.335964841819788,19.492611012899307
350,4.0,0.3,25.107103599575574,26.015580833913635,25.2402788975035,19.78518709092419
350,4.5,-1.0,27.52841022874586,26.049316376527543,25.007174153742508,18.83918395008432
350,4.5,-0.5,26.84819245007958,26.097749173569767,25.470600102220597,19.089291544252237
350,4.5,0.0,26.107266685501735,26.15932450230094,25.595237395990992,19.259715497621194
350,4.5,0.3,25.70096033104464,26.235483944586882,25.54404922489868,19.397077220964505
350,5.0,-1.0,28.37822481050878,26.43409500566451,24.731843439957416,18.741281226527416
350,5.0,-0.5,27.621778565981856,26.391050563874394,25.352223856777314,18.955634315170556
350,5.0,0.0,26.80117570774361,26.26724697142422,25.704395722065758,19.083990144835102
350,5.0,0.3,26.380690591831403,26.284738011516783,25.70085566739621,19.131967639419205
350,5.5,-1.0,29.21220473376314,26.66602874815282,24.41973535579418,18.61722332715732
350,5.5,-0.5,28.397658455686532,26.55478906428726,25.14456205129033,18.827432544476718
350,5.5,0.0,27.365664511528887,26.170052193295007,25.69100935114536,18.95820427218984
350,5.5,0.3,26.63653245330991,26.039590944053703,25.7843379606541,18.99060456031374
400,2.5,-1.0,23.23002615867189,23.177867749457487,22.938792311765216,18.66807654339668
400,2.5,-0.5,22.59733191722733,23.03711319828131,22.913030662501637,19.09945975601118
400,2.5,0.0,22.334926297590325,23.15737980314236,22.98597322346877,19.36076225907862
400,2.5,0.3,22.183195653792815,23.26857584122642,23.03854369768379,19.357901760840342
400,3.0,-1.0,23.707197847386333,23.529701870960732,23.394187044629934,18.559283658363178
400,3.0,-0.5,22.73704831869036,23.20717851462807,23.24679480944299,19.02013167951019
400,3.0,0.0,22.4506351231302,23.33681477111863,23.216770988747083,19.501315384813548
400,3.0,0.3,22.363039408076546,23.528267081622552,23.206681749152178,19.615103744606298
400,3.5,-1.0,24.248032786919026,23.85776095520843,23.683203562741916,18.436914193280447
400,3.5,-0.5,23.382968630771998,23.702995554853462,23.58213217799067,18.85374378165208
400,3.5,0.0,22.78093744493112,23.638752854442853,23.396095046688426,19.35269880375449
400,3.5,0.3,22.751366134021062,23.888269057900047,23.337421649522476,19.59302867380529
400,4.0,-1.0,24.134336808294595,23.813669737186242,24.11753467062131,18.493222048341146
400,4.0,-0.5,24.092921319359167,24.163510832270383,23.808550180634814,18.64619766302623
400,4.0,0.0,23.320314351442065,24.074437666724965,23.65361159171166,18.954542918535342
400,4.0,0.3,23.0715962091754,24.140385116542106,23.533830278425903,19.252926826762607
400,4.5,-1.0,25.57806116368047,24.506776672602765,23.68898103781195,18.258246892311043
400,4.5,-0.5,24.84534636698168,24.550705063873007,23.93918066948645,18.47864261079937
400,4.5,0.0,23.943934874709008,24.404560660961604,23.90906551067355,18.672236322524277
400,4.5,0.3,23.554834579359,24.368216120078493,23.81233939437316,18.843175764005036
400,5.0,-1.0,26.436375215505166,24.814315112223014,23.517549870889063,18.15744359736169
400,5.0,-0.5,25.499767422258543,24.72040462064664,23.942446519020084,18.33733651347346
400,5.0,0.0,24.692000452059343,24.6018278559532,24.075133317659166,18.465902036076276
400,5.0,0.3,24.09711901328756,24.464140267079433,24.00977008413055,18.545872343540253
400,5.5,-1.0,27.30956377022196,24.970761850721964,23.286492285066615,18.045787297719414
400,5.5,-0.5,26.282253131779868,24.82335723031005,23.827661639925193,18.218445915343644
400,5.5,0.0,25.112301632752725,24.52970799440161,24.12449491205832,18.319368305287636
400,5.5,0.3,24.386563666671282,24.34398853015823,24.138875963001254,18.35199601217472
450,2.5,-1.0,21.736222421347367,21.970467480020083,21.893115020076696,18.269166557879007
450,2.5,-0.5,21.280621815293884,21.868359427279124,21.881765727417584,18.601521098213848
450,2.5,0.0,21.099217650460062,21.91641356326203,21.953409577395586,18.73516215099097
450,2.5,0.3,21.093784615322054,22.0259537546043,22.037208658320427,18.76909037257177
450,3.0,-1.0,22.04039949612065,22.220109068521552,22.245321855386386,18.137096675512982
450,3.0,-0.5,21.372375567711444,22.013039706926843,22.124753474845175,18.618847574822208
450,3.0,0.0,21.17817527645391,22.116091091664085,22.07232291814112,18.89551724208792
450,3.0,0.3,21.138780931182275,22.284035401392735,22.07308285929293,18.947601563507625
450,3.5,-1.0,22.544741415059907,22.555268601697396,22.5070262408562,17.973279175355565
450,3.5,-0.5,21.820869850928418,22.387573097914945,22.321594201545775,18.400693550980098
450,3.5,0.0,21.411415243691515,22.35623117749252,22.170346504613384,18.817749777998813
450,3.5,0.3,21.387880661583853,22.532187384527692,22.11924936565063,18.96755768648446
450,4.0,-1.0,23.151189752137967,22.90054753020857,22.59624472622931,17.841561312185693
450,4.0,-0.5,22.435285191048635,22.82804703027339,22.540876304522605,18.14430569079832
450,4.0,0.0,21.798906162121202,22.676323209616783,22.36344388567318,18.519252597401213
450,4.0,0.3,21.687036191425744,22.73474894110565,22.243709157577456,18.780361027988665
450,4.5,-1.0,23.981486094456237,23.26733475273012,22.578098583613425,17.745351907327983
450,4.5,-0.5,23.121029486133207,23.19470160697929,22.6859215592237,17.94545905623378
450,4.5,0.0,22.40600340766345,23.023588130874558,22.581013516932998,18.166779792293475
450,4.5,0.3,22.053284048091733,22.907234834800768,22.446921273070537,18.385479096870064
450,5.0,-1.0,23.885152601829315,23.101004399186394,23.054747853354314,17.795704129007685
450,5.0,-0.5,23.817414559425934,23.37620437592738,22.75652141472879,17.79692128493471
450,5.0,0.0,22.856162293645212,23.125444250048766,22.760938226845585,17.956506824616742
450,5.0,0.3,22.388964590062418,22.96163357115825,22.6879701138999,18.06758263025376
450,5.5,-1.0,24.52187202265435,23.169012078268686,23.096967183814844,17.706925937104046
450,5.5,-0.5,24.493338823698167,23.42789857309331,22.69602135466252,17.678903535393594
450,5.5,0.0,23.23627880291813,23.100909417327347,22.86827348164202,17.784969089134822
450,5.5,0.3,22.640491041979352,22.94475051734085,22.86605588342967,17.869877839087355
500,2.5,-1.0,20.605871716470965,21.007096404418416,21.05930931338429,17.883217484001193
500,2.5,-0.5,20.291761770820408,20.937208661308546,21.077576138275976,18.15640079104947
500,2.5,0.0,20.313473488714084,21.02333121830389,21.23272117753182,18.303008663694087
500,2.5,0.3,20.29932682128021,20.9693641557864,21.231520038713345,18.320389927772702
500,3.0,-1.0,20.791623946891317,21.194661451881828,21.316858114771094,17.79321805366209
500,3.0,-0.5,20.361987860291066,21.089440273395752,21.227072117126045,18.20293326145349
500,3.0,0.0,20.231199666667763,21.169657504762732,21.20532227322997,18.398034967200232
500,3.0,0.3,20.1753021611249,21.25977194589438,21.22853592987478,18.42980832803146
500,3.5,-1.0,21.257853987653856,21.536429069012502,21.538111907470277,17.603417145561952
500,3.5,-0.5,20.57760260865225,21.303841638153635,21.358286730472443,18.027213313451988
500,3.5,0.0,20.339697819602748,21.32458145969872,21.2129859100934,18.347217927215656
500,3.5,0.3,20.379204842130246,21.520223587439897,21.16373876571147,18.419672370576798
500,4.0,-1.0,21.820253676758583,21.865836408032514,21.60907175474787,17.43499799237736
500,4.0,-0.5,21.103159519112285,21.69916950024726,21.528694481919267,17.750811393644227
500,4.0,0.0,20.640696390703134,21.570345325939005,21.320726861835627,18.11864243830008
500,4.0,0.3,20.573540669004128,21.611980221717516,21.226062079833618,18.3142916872717
500,4.5,-1.0,22.553833088474853,22.199278753559536,21.620952565524114,17.30509054061475
500,4.5,-0.5,21.77875334465435,22.080982996246505,21.650715366092008,17.50275093393022
500,4.5,0.0,21.077724727610445,21.81113331062624,21.525400475588285,17.780578599646333
500,4.5,0.3,20.886480924631577,21.707972434810312,21.380818387076282,17.99302514332462
500,5.0,-1.0,23.24141859618127,22.395080245867796,21.599953635074748,17.205492784723923
500,5.0,-0.5,22.399433949207644,22.23368743038794,21.749453612691596,17.33818923560749
500,5.0,0.0,21.5703108641973,21.95237469464658,21.691308674125395,17.51375510212273
500,5.0,0.3,21.155602112128257,21.768537927312348,21.612715461072412,17.65236971964622
500,5.5,-1.0,23.997228149256983,22.421568664186807,21.461132151450762,17.108147382387912
500,5.5,-0.5,22.92372446798175,22.24785395100485,21.7580186168853,17.22263485068065
500,5.5,0.0,21.829530924998267,21.944589843950375,21.84297285490075,17.33231856374701
500,5.5,0.3,21.32221348328546,21.765376533819726,21.83189007178254,17.435674773158386
600,2.5,-1.0,19.09620027570274,19.66295198871549,19.876746769714586,17.246415660515385
600,2.5,-0.5,18.94333217067927,19.618363701280312,19.95387185544437,17.438386681859622
600,2.5,0.0,19.101208603169255,19.581432502128735,20.04740095460504,17.550216533481034
600,2.5,0.3,19.304928125804658,19.567379541199045,20.066767515097183,17.62326318450876
600,3.0,-1.0,19.125135369591383,19.75774865213592,20.016337093816844,17.20911061357356
600,3.0,-0.5,18.887587211324618,19.71095149330565,19.961915298352565,17.490200476173364
600,3.0,0.0,18.87933080675459,19.756524419857637,19.960929236614312,17.603621008045533
600,3.0,0.3,19.02537109822557,19.813034627732268,19.950084351117304,17.629968733733204
600,3.5,-1.0,19.382348754430858,19.977821693395892,20.114540722681834,17.025414275438834
600,3.5,-0.5,19.032608425923762,19.89861991218274,19.953418576873297,17.38068824424982
600,3.5,0.0,18.932780259805988,19.94086814519431,19.85536821368884,17.573612811214428
600,3.5,0.3,18.92351654036104,19.972871981175487,19.846629155426037,17.622687988154517
600,4.0,-1.0,19.78586511179083,20.23714578409054,20.123788496416836,16.795470611585415
600,4.0,-0.5,19.315809338068956,20.122311219433474,20.029994950886465,17.11553704543
600,4.0,0.0,19.101226429903907,20.04404188200391,19.863503520013943,17.43599012475121
600,4.0,0.3,19.0906608776783,20.065993656826237,19.827188449163707,17.566778516875033
600,4.5,-1.0,20.31423362130709,20.488236404879068,20.116454198570782,16.613451573481267
600,4.5,-0.5,19.747036918543333,20.329244798037195,20.123018828944733,16.829739372122432
600,4.5,0.0,19.336545556402374,20.096559312868195,19.994810931906773,17.158609450173923
600,4.5,0.3,19.227981376132742,20.00663015078488,19.871005868429748,17.37037957531943
600,5.0,-1.0,20.924664528341147,20.602447085571146,20.100134722374673,16.49162331101155
600,5.0,-0.5,20.226656750373273,20.406076441372768,20.192211899762032,16.635252486056416
600,5.0,0.0,19.628062348844587,20.148474686772126,20.177335607142698,16.869014555626478
600,5.0,0.3,19.362314860078477,20.00254653787451,20.09205221280165,17.06225819418105
600,5.5,-1.0,20.695670335535077,20.413996959178498,20.570861065796002,16.53203146045919
600,5.5,-0.5,20.603935585587877,20.421251618180353,20.240083944235426,16.502663731904615
600,5.5,0.0,19.854570916820975,20.1637086825927,20.31720773991024,16.66147971966791
600,5.5,0.3,19.44710230154222,19.979492799088288,20.34111804705926,16.797666914295664
700,2.5,-1.0,18.07211104889104,18.65714419535438,19.005505441028,16.70495812791816
700,2.5,-0.5,18.04871805541141,18.61393725550871,19.086131710643954,16.867692622832383
700,2.5,0.0,18.30664315398161,18.551623903491482,19.1160425630342,16.979108697896546
700,2.5,0.3,18.615864347082486,18.605904486007827,19.112916047578025,17.046910066423326
700,3.0,-1.0,18.043098228469642,18.7555807276837,19.075543403945503,16.714303960921406
700,3.0,-0.5,17.93900841447567,18.739371742974832,19.05913643547256,16.91805973285342
700,3.0,0.0,18.037525680840517,18.706289025098954,19.043826954491987,17.00098679863389
700,3.0,0.3,18.292010082974134,18.72440200628574,19.004782845154434,17.03157809894693
700,3.5,-1.0,18.15969455321926,18.905599995505234,19.0885845364356,16.57981817218399
700,3.5,-0.5,17.961158401001917,18.87313340401764,18.998360282096826,16.86119579922723
700,3.5,0.0,17.95729996757334,18.888902612103845,18.95094250056015,17.011014009061256
700,3.5,0.3,18.097439478132237,18.91180993443141,18.889723983102122,17.014094362835547
700,4.0,-1.0,18.423677652450767,19.09025247176517,19.069990033913797,16.341555370340064
700,4.0,-0.5,18.117269619969207,19.002479780291786,18.996512087274475,16.648718005384847
700,4.0,0.0,18.016572288180036,18.9497334040696,18.882665505807154,16.90124828364364
700,4.0,0.3,18.080636796358995,18.94141430649905,18.833838354157496,16.9694228646528
700,4.5,-1.0,18.80136271161316,19.225256758384145,19.033185540929065,16.129363378884428
700,4.5,-0.5,18.406000215614668,19.092328301247996,19.05764053870659,16.36061773219098
700,4.5,0.0,18.1554160204889,18.925477998390804,18.946861483975546,16.695069655179548
700,4.5,0.3,18.108207854161403,18.87226257140987,18.87625161364467,16.87668486080415
700,5.0,-1.0,19.22141700516481,19.2462075493225,18.998762243152072,15.981347257547295
700,5.0,-0.5,18.72214216806403,19.09145096805858,19.109410423365286,16.14743037612174
700,5.0,0.0,18.30083192877806,18.911350769861702,19.111675610703323,16.430377693329167
700,5.0,0.3,18.124112023387287,18.817229129562673,19.033605169396846,16.678617788200526
700,5.5,-1.0,19.580824855882497,19.22693933714043,18.959265029945527,15.892620782119366
700,5.5,-0.5,18.982723864137952,19.08286522265387,19.1567212868847,16.00468230013679
700,5.5,0.0,18.455957669184645,18.89883544987234,19.245705155782105,16.203932005198368
700,5.5,0.3,18.17111896477821,18.7786865812536,19.28237752776351,16.40854453096599
800,2.5,-1.0,17.269911405263286,17.867268139214953,18.308335054681088,16.2650533633986
800,2.5,-0.5,17.353218655684522,17.789201113167866,18.341387749979706,16.389367222872664
800,2.5,0.0,17.775412858014775,17.817086184534002,18.34083166039892,16.506008386746412
800,2.5,0.3,18.07299859624744,17.915833002804327,18.311116683556317,16.545439815564112
800,3.0,-1.0,17.224046315975087,17.943805290526605,18.31855569472944,16.279871225504976
800,3.0,-0.5,17.21651655716188,17.91400559272447,18.349350664679047,16.44061504172323
800,3.0,0.0,17.493746463755002,17.89142533069208,18.261835491901067,16.49136288958256
800,3.0,0.3,17.734932011214863,17.90759018620584,18.232752050321974,16.528078499211844
800,3.5,-1.0,17.281739431912314,18.082092484509147,18.304604009585255,16.200556657758018
800,3.5,-0.5,17.185498992738605,18.056411268861442,18.25490662166289,16.419453759145775
800,3.5,0.0,17.3058597220921,18.045232626938013,18.184234803151963,16.511166038340278
800,3.5,0.3,17.48851964541458,18.00360061550585,18.1434216805511,16.52231374048465
800,4.0,-1.0,17.439911987341322,18.210288116131814,18.276727207886466,15.994213547733569
800,4.0,-0.5,17.26133618675692,18.148711358709544,18.220114785123968,16.270109721716796
800,4.0,0.0,17.279002220885047,18.099171329183626,18.130234094875462,16.459517867177333
800,4.0,0.3,17.362715261732934,18.074156447965454,18.126335634110607,16.527993673289973
800,4.5,-1.0,17.699585838568208,18.269827136326203,18.23820269792098,15.771588189280186
800,4.5,-0.5,17.435869740115574,18.171853504486222,18.26379248334544,16.018949032041597
800,4.5,0.0,17.31003701421094,18.065758102166413,18.18546401692705,16.342989873202733
800,4.5,0.3,17.316091211828038,18.027587885503586,18.1484757628879,16.478701912117582
800,5.0,-1.0,18.006919330205392,18.235347795640834,18.191720771002785,15.611491305153965
800,5.0,-0.5,17.645498272775846,18.131196698348898,18.314386607836393,15.80046122169522
800,5.0,0.0,17.36608905786762,18.030954093580597,18.3285813276941,16.135161931130416
800,5.0,0.3,17.26758789831384,17.978226392081883,18.288155296715107,16.384110461542413
800,5.5,-1.0,18.267079720530266,18.196794412130206,18.15606658203086,15.517532844393134
800,5.5,-0.5,17.83397154922351,18.10658726741959,18.356073799082928,15.649039347468484
800,5.5,0.0,17.46122456355013,17.99659636815759,18.475947411055703,15.896348372388758
800,5.5,0.3,17.26488057401601,17.932009023711075,18.520205149189618,16.16561312781939
900,2.5,-1.0,16.702568029043597,17.17859346189581,17.68470603389458,15.86737401056528
900,2.5,-0.5,16.948182426863553,17.16804240453646,17.691711161976123,15.987976237717865
900,2.5,0.0,17.36107175460106,17.238975644787804,17.63877767632834,16.064003827385985
900,2.5,0.3,17.611698611966627,17.37203320846629,17.594538687418474,16.059389337781077
900,3.0,-1.0,16.63394085835491,17.258085526419368,17.722117598837016,15.90420269349195
900,3.0,-0.5,16.7241005104465,17.22834487585106,17.678713300933907,15.997628964799953
900,3.0,0.0,17.109424523379765,17.234229871720853,17.581582606855676,16.04204525629203
900,3.0,0.3,17.367036410162832,17.307159643705358,17.55657082741677,16.069555224088457
900,3.5,-1.0,16.64323183035775,17.379505593824195,17.6617876719987,15.85715960306366
900,3.5,-0.5,16.624141498931987,17.356838379327478,17.623422453497042,16.01144542548755
900,3.5,0.0,16.850486595899557,17.31228621790345,17.53645404746122,16.056604873872274
900,3.5,0.3,17.064589452389455,17.289841026234953,17.536404658107656,16.09204765651371
900,4.0,-1.0,16.72832733899466,17.489256572559363,17.630918960617365,15.699059037929054
900,4.0,-0.5,16.63950420058915,17.439421704086786,17.5828968309439,15.92427864395485
900,4.0,0.0,16.71614468617412,17.374711343749535,17.533684581701593,16.073690991310627
900,4.0,0.3,16.8418857102122,17.3140976325283,17.5150725403295,16.108744738987557
900,4.5,-1.0,16.887625288924244,17.512246012214423,17.605646861866763,15.486684579932268
900,4.5,-0.5,16.719132217903656,17.437640996429778,17.625669971245305,15.739739263564099
900,4.5,0.0,16.681133895294778,17.358369269685678,17.575307699327094,16.01593378852235
900,4.5,0.3,16.739013908132215,17.320504675164948,17.563816607437634,16.118959503430542
900,5.0,-1.0,17.096748145415965,17.455424542117612,17.566904782484226,15.326514757070948
900,5.0,-0.5,16.841517586432072,17.393703480171823,17.69091949189256,15.539449155581886
900,5.0,0.0,16.658135203015956,17.320551110551353,17.706144162772553,15.887227794453086
900,5.0,0.3,16.631590588587734,17.28764756086465,17.68370849529844,16.08465590785864
900,5.5,-1.0,17.28716883633044,17.39974229825833,17.53153469325688,15.224207128227746
900,5.5,-0.5,16.96674025395575,17.354003089522305,17.732515817531045,15.377735577934308
900,5.5,0.0,16.69622699633882,17.29115031531889,17.86374031397753,15.672443764635977
900,5.5,0.3,16.580465479943435,17.249768845186498,17.870270736915607,15.93962324209308
1000,2.5,-1.0,16.256856044331805,16.620582834064507,17.151706040944422,15.539325226884431
1000,2.5,-0.5,16.53324085856342,16.616677543434204,17.128402595519482,15.631905303819199
1000,2.5,0.0,16.938623421586104,16.75879404448903,17.045406601630958,15.652776936456192
1000,2.5,0.3,17.12730921735786,16.914682950407144,17.024167658520184,15.603942837514298
1000,3.0,-1.0,16.161645256404007,16.665172224556517,17.16327860466575,15.555814818532873
1000,3.0,-0.5,16.35329333165339,16.67132944130223,17.07030762698993,15.614071388651
1000,3.0,0.0,16.72926666349553,16.70131062576551,17.012471193768263,15.658866637947037
1000,3.0,0.3,16.943196093562555,16.821095284734973,16.988657661503375,15.65286641581869
1000,3.5,-1.0,16.158048586160984,16.772410975675495,17.088802118538553,15.530354864010235
1000,3.5,-0.5,16.218973186125073,16.749762008859342,17.03865202622016,15.624248640806158
1000,3.5,0.0,16.500362589415086,16.6996482691136,16.993635760305562,15.669829085151344
1000,3.5,0.3,16.704995452562088,16.73126244561737,16.98222631731402,15.692374984394862
1000,4.0,-1.0,16.17332770297157,16.864460903088005,17.081991784037168,15.428840539638253
1000,4.0,-0.5,16.151921556012674,16.79770173709119,17.030459441576845,15.598213559364991
1000,4.0,0.0,16.298470210332184,16.710621496197078,16.980653889505952,15.690712620955738
1000,4.0,0.3,16.473039036339575,16.68025182404286,16.985056697333174,15.726624580230188
1000,4.5,-1.0,16.26753294492419,16.877640662461296,17.074106977602103,15.250322000420242
1000,4.5,-0.5,16.16761865546549,16.809374333180354,17.081111570449977,15.487244902616021
1000,4.5,0.0,16.199299681379816,16.719750586215277,17.039465231538845,15.69196379515169
1000,4.5,0.3,16.300595165052922,16.664258735109808,17.03081797140515,15.75621149690794
1000,5.0,-1.0,16.388678038341,16.813659795182055,17.04749201442488,15.094495778688472
1000,5.0,-0.5,16.213734207179378,16.778633866873683,17.15997078319253,15.324868506838708
1000,5.0,0.0,16.11928881254594,16.702614858631147,17.16192444637652,15.632710273154293
1000,5.0,0.3,16.140522404918695,16.670248926938896,17.162745212279855,15.782786429043725
1000,5.5,-1.0,16.533317857046022,16.76387725659436,17.025149091071746,14.98900184181533
1000,5.5,-0.5,16.283992925551242,16.737194788962142,17.22409330272782,15.160433008445812
1000,5.5,0.0,16.107663100340353,16.708373142851112,17.330328464871027,15.47779587810258
1000,5.5,0.3,16.038657845200525,16.662809711920165,17.343458202055203,15.721796768861488
1100,2.5,-1.0,15.837775265254205,16.12508860450049,16.647660702968007,15.240580827762054
1100,2.5,-0.5,16.133645867559366,16.177747288370195,16.606563299405796,15.294464191072034
1100,2.5,0.0,16.501701108578573,16.354083619312213,16.531554572804893,15.257239083110592
1100,2.5,0.3,16.653675558869914,16.521789983980618,16.49577961095591,15.23310437601715
1100,3.0,-1.0,15.754067067563968,16.14619610707275,16.66403734222938,15.2473624155009
1100,3.0,-0.5,16.006661618709053,16.16449581024272,16.56124675795919,15.284329785426298
1100,3.0,0.0,16.342737987871402,16.266356578438195,16.508933661364335,15.291381423837931
1100,3.0,0.3,16.491722222245265,16.391401434168518,16.489007034530175,15.268663755606802
1100,3.5,-1.0,15.740932220756523,16.224536781088634,16.596493812982917,15.232890992324135
1100,3.5,-0.5,15.876189026656313,16.20072797725009,16.54603705440853,15.290898883350774
1100,3.5,0.0,16.17375185837988,16.20054999208459,16.49584303788145,15.31898757072436
1100,3.5,0.3,16.33261638071733,16.284652918572636,16.501632493229398,15.324598767057324
1100,4.0,-1.0,15.743527074270494,16.301916542107932,16.58214929558624,15.170448635344034
1100,4.0,-0.5,15.785497879433532,16.230630521983322,16.54312440318052,15.287083765165958
1100,4.0,0.0,15.986500179293637,16.170005397544692,16.511071861990743,15.352049521542298
1100,4.0,0.3,16.11321175539921,16.17770360315309,16.517541035251448,15.381620743077562
1100,4.5,-1.0,15.784275044657896,16.309859138040572,16.596095079955525,15.039707465727252
1100,4.5,-0.5,15.750058705376262,16.243030839126476,16.59568568832203,15.238964580011041
1100,4.5,0.0,15.846923164714822,16.156112093777068,16.565188452677454,15.37840056179734
1100,4.5,0.3,15.924318480311063,16.13151450384539,16.575121856007613,15.433826870430652
1100,5.0,-1.0,15.841700579892379,16.266994493072037,16.600437057145992,14.900619694707009
1100,5.0,-0.5,15.73383191172222,16.22666885893271,16.685608592960246,15.124355201757023
1100,5.0,0.0,15.719803105114948,16.170652872175157,16.69162984797486,15.378162774510166
1100,5.0,0.3,15.753042221284954,16.135303331917715,16.694429002040415,15.482840498164967
1100,5.5,-1.0,15.92744914182183,16.221455354830304,16.587254821345685,14.79024572623463
1100,5.5,-0.5,15.740792749696286,16.210783007730864,16.766259071504127,14.978391456355439
1100,5.5,0.0,15.635672574337393,16.17858943918258,16.857747361054493,15.285439285379748
1100,5.5,0.3,15.616171431912127,16.13611201240904,16.90576107291364,15.487703667041139
1200,2.5,-1.0,15.464398278457223,15.699731221708904,16.21997411037315,14.982602155166123
1200,2.5,-0.5,15.757056598644159,15.772878077152757,16.157938925666834,14.97959457912907
1200,2.5,0.0,16.07509534793361,15.988301013010556,16.065773166759204,14.93169580455592
1200,2.5,0.3,16.155924653435044,16.118645764201506,16.03428162624502,14.929607529948672
1200,3.0,-1.0,15.393372210885284,15.699466300549126,16.211898876214246,14.975593095783529
1200,3.0,-0.5,15.64621628667428,15.729587336628546,16.136753405110078,14.996934941425026
1200,3.0,0.0,15.945588341471154,15.879941767832708,16.066836744921208,14.967976964544496
1200,3.0,0.3,16.09610173840466,16.018789705813028,16.05125350870451,14.971357953572582
1200,3.5,-1.0,15.375728021924308,15.731418867331225,16.142887674816585,14.954287072999875
1200,3.5,-0.5,15.56658313744843,15.715157539884107,16.099644179341183,14.9916000365044
1200,3.5,0.0,15.840655066980878,15.793404292212914,16.068979566579845,15.003074593555496
1200,3.5,0.3,15.961436264976722,15.881879433472843,16.069548046199714,15.001148702839886
1200,4.0,-1.0,15.36409358796804,15.778203350053431,16.137186367179392,14.924213713122189
1200,4.0,-0.5,15.489078033142762,15.719992526396748,16.100482258220165,14.994340148756976
1200,4.0,0.0,15.697325864349374,15.714627055723064,16.087778076647552,15.04467515226821
1200,4.0,0.3,15.789940460061079,15.763172314885253,16.111960841067056,15.06523085364189
1200,4.5,-1.0,15.392960494485218,15.787410005383723,16.15469763354068,14.838810428894911
1200,4.5,-0.5,15.428186934947853,15.70986912852079,16.13523203976741,14.976428078657946
1200,4.5,0.0,15.533461379233815,15.6691744049709,16.14125103103725,15.087840672383994
1200,4.5,0.3,15.596643834598282,15.678364924447692,16.16893924560369,15.136263388336786
1200,5.0,-1.0,15.411397106124962,15.766360023951977,16.184250216675768,14.724724142874212
1200,5.0,-0.5,15.357857772273016,15.725146890460708,16.24618447910962,14.925699780378752
1200,5.0,0.0,15.378295870916912,15.673398981632793,16.264522991543426,15.119835147236484
1200,5.0,0.3,15.414858794960073,15.653440857463053,16.278797103346776,15.200021167651087
1200,5.5,-1.0,15.439091131773527,15.740520780045408,16.19326427870326,14.616482186312826
1200,5.5,-0.5,15.307998270846863,15.734126694068742,16.35093451940524,14.812140084576894
1200,5.5,0.0,15.267573613720394,15.689480343801357,16.430204713373133,15.083966671873121
1200,5.5,0.3,15.278142049995703,15.650290718125868,16.44258741794117,15.2234981292095
